"fantasyPointsRank","playerName","teamName","position","byeWeek","games","fantasyPoints","passComp","passAtt","passYds","passTd","passInt","passSacked","rushAtt","rushYds","rushTd","recvTargets","recvReceptions","recvYds","recvTd","fumbles","fumblesLost","twoPt","returnYds","returnTd","fgMade019","fgAtt019","fgMade2029","fgAtt2029","fgMade3039","fgAtt3039","fgMade4049","fgAtt4049","fgMade50plus","fgAtt50plus","patMade","patAtt","dstSacks","dstSafeties","dstInt","dstFumblesForced","dstFumblesRecovered","dstTd","dstReturnYds","dstReturnTd","dstPts0","dstPts16","dstPts713","dstPts1420","dstPts2127","dstPts2834","dstPts35plus","idpTacklesSolo","idpTacklesAssist","idpSacks","idpTacklesForLoss","idpPassDefended","idpInt","idpFumblesForced","idpFumblesRecovered","idpSafeties","idpTd"
"1","De'Von Achane","MIA","rb","12","WAS","22.7","0","0","0","0","0","0","15.7791","76.4505","0.5543","6.8121","5.5435","39.5159","0.371","0.2639","0.1228","0.0423","0","0","0","0","0","0","0","0","0","0","0","0","0","0","0","0","0","0","0","0","0","0","0","0","0","0","0","0","0","0","0","0","0","0","0","0","0","0","0"
"2","Christian McCaffrey","SF","rb","14","@ARZ","22.1","0","0","0","0","0","0","17.3471","72.0192","0.4934","6.8969","5.6598","47.8064","0.2514","0.2953","0.1369","0.0384","0","0","0","0","0","0","0","0","0","0","0","0","0","0","0","0","0","0","0","0","0","0","0","0","0","0","0","0","0","0","0","0","0","0","0","0","0","0","0"
"3","Ja'Marr Chase","CIN","wr","10","@PIT","22","0","0","0","0","0","0","0.1401","0.8247","0.0038","12.4166","8.6931","96.3378","0.5873","0.0977","0.0537","0.0272","0","0","0","0","0","0","0","0","0","0","0","0","0","0","0","0","0","0","0","0","0","0","0","0","0","0","0","0","0","0","0","0","0","0","0","0","0","0","0"
"4","Bijan Robinson","ATL","rb","5","CAR","20.2","0","0","0","0","0","0","15.5787","72.9838","0.5043","6.4597","5.0447","39.1944","0.1691","0.272","0.1264","0.0321","0","0","0","0","0","0","0","0","0","0","0","0","0","0","0","0","0","0","0","0","0","0","0","0","0","0","0","0","0","0","0","0","0","0","0","0","0","0","0"
"5","Jaxon Smith-Njigba","SEA","wr","8","@LA","20.9","0","0","0","0","0","0","0.2925","1.5997","0.0069","10.789","7.801","96.8247","0.5302","0.0913","0.0499","0.0323","0","0","0","0","0","0","0","0","0","0","0","0","0","0","0","0","0","0","0","0","0","0","0","0","0","0","0","0","0","0","0","0","0","0","0","0","0","0","0"
"6","Puka Nacua","LA","wr","8","SEA","20.8","0","0","0","0","0","0","0.6096","3.3471","0.0305","11.0746","8.1467","95.1254","0.4358","0.103","0.0559","0.0285","0","0","0","0","0","0","0","0","0","0","0","0","0","0","0","0","0","0","0","0","0","0","0","0","0","0","0","0","0","0","0","0","0","0","0","0","0","0","0"
"7","Josh Jacobs","GB","rb","5","@NYG","18.5","0","0","0","0","0","0","18.9345","85.0582","0.8847","3.0001","2.5091","18.9901","0.063","0.2756","0.1243","0.0324","0","0","0","0","0","0","0","0","0","0","0","0","0","0","0","0","0","0","0","0","0","0","0","0","0","0","0","0","0","0","0","0","0","0","0","0","0","0","0"
"8","Amon-Ra St. Brown","DET","wr","8","@PHI","20","0","0","0","0","0","0","0.7848","4.8661","0.0511","9.7642","7.725","81.1965","0.5664","0.0963","0.052","0.0313","0","0","0","0","0","0","0","0","0","0","0","0","0","0","0","0","0","0","0","0","0","0","0","0","0","0","0","0","0","0","0","0","0","0","0","0","0","0","0"
"9","Trey McBride","ARZ","te","8","SF","18.8","0","0","0","0","0","0","0","0","0","10.6165","7.7861","76.8224","0.5423","0","0","0.0258","0","0","0","0","0","0","0","0","0","0","0","0","0","0","0","0","0","0","0","0","0","0","0","0","0","0","0","0","0","0","0","0","0","0","0","0","0","0","0"
"10","Jahmyr Gibbs","DET","rb","8","@PHI","17.4","0","0","0","0","0","0","13.041","59.8722","0.6158","5.0314","4.0622","26.7017","0.1713","0.22","0.1024","0.0337","0","0","0","0","0","0","0","0","0","0","0","0","0","0","0","0","0","0","0","0","0","0","0","0","0","0","0","0","0","0","0","0","0","0","0","0","0","0","0"
"11","James Cook","BUF","rb","7","TB","16.7","0","0","0","0","0","0","16.9722","78.3195","0.7538","2.8479","2.3901","14.2993","0.0945","0.247","0.1114","0.0327","0","0","0","0","0","0","0","0","0","0","0","0","0","0","0","0","0","0","0","0","0","0","0","0","0","0","0","0","0","0","0","0","0","0","0","0","0","0","0"
"12","Drake London","ATL","wr","5","CAR","18.2","0","0","0","0","0","0","0","0","0","10.7619","6.8951","80.1914","0.5404","0","0","0.0269","0","0","0","0","0","0","0","0","0","0","0","0","0","0","0","0","0","0","0","0","0","0","0","0","0","0","0","0","0","0","0","0","0","0","0","0","0","0","0"
"13","Chase Brown","CIN","rb","10","@PIT","16.1","0","0","0","0","0","0","14.6422","58.8172","0.4355","5.3021","4.0981","26.6235","0.1498","0.2371","0.11","0.0341","0","0","0","0","0","0","0","0","0","0","0","0","0","0","0","0","0","0","0","0","0","0","0","0","0","0","0","0","0","0","0","0","0","0","0","0","0","0","0"
"14","Javonte Williams","DAL","rb","10","@LV","16.1","0","0","0","0","0","0","16.8967","72.7645","0.6063","3.5461","2.9072","17.4637","0.1055","0.2561","0.1167","0.0322","0","0","0","0","0","0","0","0","0","0","0","0","0","0","0","0","0","0","0","0","0","0","0","0","0","0","0","0","0","0","0","0","0","0","0","0","0","0","0"
"15","CeeDee Lamb","DAL","wr","10","@LV","17.8","0","0","0","0","0","0","0.5342","3.1978","0.0258","9.3492","6.5268","80.4398","0.4652","0.0779","0.0422","0.0268","0","0","0","0","0","0","0","0","0","0","0","0","0","0","0","0","0","0","0","0","0","0","0","0","0","0","0","0","0","0","0","0","0","0","0","0","0","0","0"
"16","Rashee Rice","KC","wr","10","@DEN","17.8","0","0","0","0","0","0","0.1699","4.654","0.0089","9.1708","6.8672","73.9329","0.5046","0.0803","0.0441","0.0245","0","0","0","0","0","0","0","0","0","0","0","0","0","0","0","0","0","0","0","0","0","0","0","0","0","0","0","0","0","0","0","0","0","0","0","0","0","0","0"
"17","Rico Dowdle","CAR","rb","14","@ATL","15.9","0","0","0","0","0","0","18.8684","84.9537","0.4796","3.0425","2.4656","15.2509","0.1077","0.2728","0.123","0.0267","35.4732","0.0091","0","0","0","0","0","0","0","0","0","0","0","0","0","0","0","0","0","0","0","0","0","0","0","0","0","0","0","0","0","0","0","0","0","0","0","0","0"
"18","Jaylen Warren","PIT","rb","5","CIN","15.9","0","0","0","0","0","0","16.3331","76.4088","0.4469","3.5925","2.9776","21.3853","0.0926","0.2424","0.1108","0.0305","0","0","0","0","0","0","0","0","0","0","0","0","0","0","0","0","0","0","0","0","0","0","0","0","0","0","0","0","0","0","0","0","0","0","0","0","0","0","0"
"19","Saquon Barkley","PHI","rb","9","DET","15.8","0","0","0","0","0","0","16.8878","71.0099","0.6442","3.047","2.4989","17.0192","0.1086","0.247","0.1117","0.0325","0","0","0","0","0","0","0","0","0","0","0","0","0","0","0","0","0","0","0","0","0","0","0","0","0","0","0","0","0","0","0","0","0","0","0","0","0","0","0"
"20","Ashton Jeanty","LV","rb","8","DAL","15.8","0","0","0","0","0","0","16.9083","66.9176","0.3602","4.4652","3.7303","21.4448","0.1912","0.2634","0.1206","0.0316","0","0","0","0","0","0","0","0","0","0","0","0","0","0","0","0","0","0","0","0","0","0","0","0","0","0","0","0","0","0","0","0","0","0","0","0","0","0","0"
"21","Brock Bowers","LV","te","8","DAL","16.1","0","0","0","0","0","0","0","0","0","8.3462","6.429","68.1949","0.461","0","0","0.0203","0","0","0","0","0","0","0","0","0","0","0","0","0","0","0","0","0","0","0","0","0","0","0","0","0","0","0","0","0","0","0","0","0","0","0","0","0","0","0"
"22","TreVeyon Henderson","NE","rb","14","NYJ","14.7","0","0","0","0","0","0","15.3404","69.7085","0.4544","3.1761","2.6693","18.7713","0.0807","0.2359","0.1072","0.026","35.2964","0.009","0","0","0","0","0","0","0","0","0","0","0","0","0","0","0","0","0","0","0","0","0","0","0","0","0","0","0","0","0","0","0","0","0","0","0","0","0"
"23","Derrick Henry","BLT","rb","7","@CLV","14.3","0","0","0","0","0","0","17.351","75.4365","0.7558","1.4228","1.2445","6.8692","0.0519","0.2433","0.1082","0.0266","0","0","0","0","0","0","0","0","0","0","0","0","0","0","0","0","0","0","0","0","0","0","0","0","0","0","0","0","0","0","0","0","0","0","0","0","0","0","0"
"24","Kyren Williams","LA","rb","8","SEA","14.2","0","0","0","0","0","0","14.6751","61.1075","0.4694","3.3235","2.6364","16.9856","0.1624","0.2443","0.1108","0.0265","0","0","0","0","0","0","0","0","0","0","0","0","0","0","0","0","0","0","0","0","0","0","0","0","0","0","0","0","0","0","0","0","0","0","0","0","0","0","0"
"25","Davante Adams","LA","wr","8","SEA","15.9","0","0","0","0","0","0","0","0","0","9.1943","5.8796","65.848","0.5614","0","0","0.023","0","0","0","0","0","0","0","0","0","0","0","0","0","0","0","0","0","0","0","0","0","0","0","0","0","0","0","0","0","0","0","0","0","0","0","0","0","0","0"
"26","Emeka Egbuka","TB","wr","9","@BUF","15.8","0","0","0","0","0","0","0.505","2.9332","0.0258","8.8931","5.3341","68.0168","0.5357","0.0733","0.0397","0.0267","0","0","0","0","0","0","0","0","0","0","0","0","0","0","0","0","0","0","0","0","0","0","0","0","0","0","0","0","0","0","0","0","0","0","0","0","0","0","0"
"27","Jaylen Waddle","MIA","wr","12","WAS","15.7","0","0","0","0","0","0","0","0","0","7.9865","5.4261","74.3425","0.4705","0","0","0.0239","0","0","0","0","0","0","0","0","0","0","0","0","0","0","0","0","0","0","0","0","0","0","0","0","0","0","0","0","0","0","0","0","0","0","0","0","0","0","0"
"28","Justin Jefferson","MIN","wr","6","CHI","15.6","0","0","0","0","0","0","0","0","0","9.2972","5.7524","73.5917","0.4056","0","0","0.0232","0","0","0","0","0","0","0","0","0","0","0","0","0","0","0","0","0","0","0","0","0","0","0","0","0","0","0","0","0","0","0","0","0","0","0","0","0","0","0"
"29","Kimani Vidal","LAC","rb","12","@JAX","13.7","0","0","0","0","0","0","16.9118","66.9804","0.3817","3.2373","2.6224","14.6565","0.1143","0.2504","0.1135","0.0279","31.2925","0.008","0","0","0","0","0","0","0","0","0","0","0","0","0","0","0","0","0","0","0","0","0","0","0","0","0","0","0","0","0","0","0","0","0","0","0","0","0"
"30","RJ Harvey","DEN","rb","12","KC","13.6","0","0","0","0","0","0","12.7761","50.3748","0.3489","4.2056","3.2274","21.0971","0.1889","0.2056","0.0952","0.0269","34.4027","0.0088","0","0","0","0","0","0","0","0","0","0","0","0","0","0","0","0","0","0","0","0","0","0","0","0","0","0","0","0","0","0","0","0","0","0","0","0","0"
"31","Breece Hall","NYJ","rb","9","@NE","13.4","0","0","0","0","0","0","15.4658","61.8575","0.3931","3.3333","2.6222","17.1875","0.1012","0.2383","0.1081","0.0222","0","0","0","0","0","0","0","0","0","0","0","0","0","0","0","0","0","0","0","0","0","0","0","0","0","0","0","0","0","0","0","0","0","0","0","0","0","0","0"
"32","Travis Etienne Jr.","JAX","rb","8","LAC","13.1","0","0","0","0","0","0","14.2899","62.1018","0.3939","2.9859","2.4705","16.1685","0.0745","0.2167","0.0983","0.0238","0","0","0","0","0","0","0","0","0","0","0","0","0","0","0","0","0","0","0","0","0","0","0","0","0","0","0","0","0","0","0","0","0","0","0","0","0","0","0"
"33","Woody Marks","HST","rb","6","@TEN","13.1","0","0","0","0","0","0","15.2396","65.9605","0.3888","2.9903","2.2872","14.2951","0.0857","0.2385","0.1074","0.0201","0","0","0","0","0","0","0","0","0","0","0","0","0","0","0","0","0","0","0","0","0","0","0","0","0","0","0","0","0","0","0","0","0","0","0","0","0","0","0"
"34","Rachaad White","TB","rb","9","@BUF","13","0","0","0","0","0","0","11.3661","44.0586","0.3661","3.9771","3.276","21.4797","0.1686","0.1821","0.085","0.0276","0","0","0","0","0","0","0","0","0","0","0","0","0","0","0","0","0","0","0","0","0","0","0","0","0","0","0","0","0","0","0","0","0","0","0","0","0","0","0"
"35","Nico Collins","HST","wr","6","@TEN","14.7","0","0","0","0","0","0","0","0","0","8.6788","5.4104","70.7046","0.3681","0","0","0.0192","0","0","0","0","0","0","0","0","0","0","0","0","0","0","0","0","0","0","0","0","0","0","0","0","0","0","0","0","0","0","0","0","0","0","0","0","0","0","0"
"36","Wan'Dale Robinson","NYG","wr","14","GB","14.5","0","0","0","0","0","0","0.4042","2.3529","0.0137","8.5383","6.1095","61.481","0.3226","0.0779","0.0424","0.0204","0","0","0","0","0","0","0","0","0","0","0","0","0","0","0","0","0","0","0","0","0","0","0","0","0","0","0","0","0","0","0","0","0","0","0","0","0","0","0"
"37","Ladd McConkey","LAC","wr","12","@JAX","14.5","0","0","0","0","0","0","0","0","0","8.0573","5.6026","64.5002","0.3977","0","0","0.02","0","0","0","0","0","0","0","0","0","0","0","0","0","0","0","0","0","0","0","0","0","0","0","0","0","0","0","0","0","0","0","0","0","0","0","0","0","0","0"
"38","Quinshon Judkins","CLV","rb","9","BLT","12.6","0","0","0","0","0","0","17.7074","71.2196","0.4508","2.1564","1.6709","9.3035","0.038","0.2486","0.1116","0.0201","0","0","0","0","0","0","0","0","0","0","0","0","0","0","0","0","0","0","0","0","0","0","0","0","0","0","0","0","0","0","0","0","0","0","0","0","0","0","0"
"39","George Pickens","DAL","wr","10","@LV","14","0","0","0","0","0","0","0","0","0","7.5522","4.8487","64.7996","0.4399","0","0","0.0211","0","0","0","0","0","0","0","0","0","0","0","0","0","0","0","0","0","0","0","0","0","0","0","0","0","0","0","0","0","0","0","0","0","0","0","0","0","0","0"
"40","Deebo Samuel","WAS","wr","12","@MIA","13.8","0","0","0","0","0","0","1.0724","5.9726","0.0602","7.1455","5.1365","55.5154","0.3656","0.0767","0.0407","0.0244","51.7924","0.0132","0","0","0","0","0","0","0","0","0","0","0","0","0","0","0","0","0","0","0","0","0","0","0","0","0","0","0","0","0","0","0","0","0","0","0","0","0"
"41","D'Andre Swift","CHI","rb","5","@MIN","11.9","0","0","0","0","0","0","12.391","53.2664","0.3746","2.9707","2.4341","15.6971","0.055","0.1781","0.0812","0.0211","0","0","0","0","0","0","0","0","0","0","0","0","0","0","0","0","0","0","0","0","0","0","0","0","0","0","0","0","0","0","0","0","0","0","0","0","0","0","0"
"42","Tyrone Tracy","NYG","rb","14","GB","11.9","0","0","0","0","0","0","11.6767","47.7143","0.3597","3.3503","2.6886","18.4964","0.0744","0.1869","0.0855","0.022","0","0","0","0","0","0","0","0","0","0","0","0","0","0","0","0","0","0","0","0","0","0","0","0","0","0","0","0","0","0","0","0","0","0","0","0","0","0","0"
"43","D.K. Metcalf","PIT","wr","5","CIN","13.7","0","0","0","0","0","0","0","0","0","7.6429","4.6505","59.2307","0.5095","0","0","0.0221","0","0","0","0","0","0","0","0","0","0","0","0","0","0","0","0","0","0","0","0","0","0","0","0","0","0","0","0","0","0","0","0","0","0","0","0","0","0","0"
"44","Rome Odunze","CHI","wr","5","@MIN","13.7","0","0","0","0","0","0","0","0","0","8.3067","4.8501","61.6782","0.4476","0","0","0.0215","0","0","0","0","0","0","0","0","0","0","0","0","0","0","0","0","0","0","0","0","0","0","0","0","0","0","0","0","0","0","0","0","0","0","0","0","0","0","0"
"45","Aaron Jones","MIN","rb","6","CHI","11.8","0","0","0","0","0","0","10.2313","47.6118","0.2926","3.4913","2.73","19.3981","0.103","0.1531","0.0709","0.0203","0","0","0","0","0","0","0","0","0","0","0","0","0","0","0","0","0","0","0","0","0","0","0","0","0","0","0","0","0","0","0","0","0","0","0","0","0","0","0"
"46","Tetairoa McMillan","CAR","wr","14","@ATL","13.4","0","0","0","0","0","0","0","0","0","8.5291","5.3142","57.6162","0.3871","0","0","0.0212","0","0","0","0","0","0","0","0","0","0","0","0","0","0","0","0","0","0","0","0","0","0","0","0","0","0","0","0","0","0","0","0","0","0","0","0","0","0","0"
"47","Kareem Hunt","KC","rb","10","@DEN","11.5","0","0","0","0","0","0","13.215","47.7573","0.5306","2.3885","1.924","11.6411","0.0773","0.2137","0.0969","0.0261","0","0","0","0","0","0","0","0","0","0","0","0","0","0","0","0","0","0","0","0","0","0","0","0","0","0","0","0","0","0","0","0","0","0","0","0","0","0","0"
"48","A.J. Brown","PHI","wr","9","DET","13.2","0","0","0","0","0","0","0","0","0","7.2419","4.6884","60.9102","0.3991","0","0","0.0249","0","0","0","0","0","0","0","0","0","0","0","0","0","0","0","0","0","0","0","0","0","0","0","0","0","0","0","0","0","0","0","0","0","0","0","0","0","0","0"
"49","Stefon Diggs","NE","wr","14","NYJ","13.1","0","0","0","0","0","0","0","0","0","6.8379","4.9007","58.6955","0.3842","0","0","0.0206","0","0","0","0","0","0","0","0","0","0","0","0","0","0","0","0","0","0","0","0","0","0","0","0","0","0","0","0","0","0","0","0","0","0","0","0","0","0","0"
"50","Tee Higgins","CIN","wr","10","@PIT","13.1","0","0","0","0","0","0","0","0","0","7.5406","4.6765","58.5593","0.4176","0","0","0.0164","0","0","0","0","0","0","0","0","0","0","0","0","0","0","0","0","0","0","0","0","0","0","0","0","0","0","0","0","0","0","0","0","0","0","0","0","0","0","0"
"51","Brian Thomas Jr.","JAX","wr","8","LAC","13.1","0","0","0","0","0","0","0.4496","2.7012","0.0222","7.9477","4.8155","58.3566","0.3405","0.058","0.0313","0.0191","0","0","0","0","0","0","0","0","0","0","0","0","0","0","0","0","0","0","0","0","0","0","0","0","0","0","0","0","0","0","0","0","0","0","0","0","0","0","0"
"52","George Kittle","SF","te","14","@ARZ","12.6","0","0","0","0","0","0","0","0","0","6.0173","4.7534","52.8649","0.4156","0","0","0.016","0","0","0","0","0","0","0","0","0","0","0","0","0","0","0","0","0","0","0","0","0","0","0","0","0","0","0","0","0","0","0","0","0","0","0","0","0","0","0"
"53","Zay Flowers","BLT","wr","7","@CLV","12.9","0","0","0","0","0","0","0.6162","3.5325","0.0225","6.6137","4.6835","59.173","0.3001","0.0608","0.0326","0.0259","0","0","0","0","0","0","0","0","0","0","0","0","0","0","0","0","0","0","0","0","0","0","0","0","0","0","0","0","0","0","0","0","0","0","0","0","0","0","0"
"54","DeVonta Smith","PHI","wr","9","DET","12.7","0","0","0","0","0","0","0","0","0","6.5091","4.7648","57.451","0.3504","0","0","0.0224","0","0","0","0","0","0","0","0","0","0","0","0","0","0","0","0","0","0","0","0","0","0","0","0","0","0","0","0","0","0","0","0","0","0","0","0","0","0","0"
"55","Jauan Jennings","SF","wr","14","@ARZ","12.6","0","0","0","0","0","0","0","0","0","7.0888","4.6213","57.7379","0.3676","0","0","0.0189","0","0","0","0","0","0","0","0","0","0","0","0","0","0","0","0","0","0","0","0","0","0","0","0","0","0","0","0","0","0","0","0","0","0","0","0","0","0","0"
"56","Oronde Gadsden II","LAC","te","12","@JAX","12.1","0","0","0","0","0","0","0","0","0","6.5509","4.7495","50.6466","0.3741","0","0","0.0163","0","0","0","0","0","0","0","0","0","0","0","0","0","0","0","0","0","0","0","0","0","0","0","0","0","0","0","0","0","0","0","0","0","0","0","0","0","0","0"
"57","Courtland Sutton","DEN","wr","12","KC","12.4","0","0","0","0","0","0","0","0","0","7.333","4.388","55.0661","0.4045","0","0","0.0181","0","0","0","0","0","0","0","0","0","0","0","0","0","0","0","0","0","0","0","0","0","0","0","0","0","0","0","0","0","0","0","0","0","0","0","0","0","0","0"
"58","Jameson Williams","DET","wr","8","@PHI","12.4","0","0","0","0","0","0","0.5886","3.6497","0.0428","6.3398","3.9621","57.4985","0.3467","0.0557","0.0298","0.0204","0","0","0","0","0","0","0","0","0","0","0","0","0","0","0","0","0","0","0","0","0","0","0","0","0","0","0","0","0","0","0","0","0","0","0","0","0","0","0"
"59","Romeo Doubs","GB","wr","5","@NYG","12.3","0","0","0","0","0","0","0","0","0","7.0068","4.5195","52.223","0.4121","0","0","0.0229","0","0","0","0","0","0","0","0","0","0","0","0","0","0","0","0","0","0","0","0","0","0","0","0","0","0","0","0","0","0","0","0","0","0","0","0","0","0","0"
"60","Jake Ferguson","DAL","te","10","@LV","11.5","0","0","0","0","0","0","0","0","0","6.3292","5.0488","42.0437","0.3697","0","0","0.0177","0","0","0","0","0","0","0","0","0","0","0","0","0","0","0","0","0","0","0","0","0","0","0","0","0","0","0","0","0","0","0","0","0","0","0","0","0","0","0"
"61","Theo Johnson","NYG","te","14","GB","11.5","0","0","0","0","0","0","0","0","0","6.42","4.6217","44.1319","0.4083","0","0","0.015","0","0","0","0","0","0","0","0","0","0","0","0","0","0","0","0","0","0","0","0","0","0","0","0","0","0","0","0","0","0","0","0","0","0","0","0","0","0","0"
"62","Quentin Johnston","LAC","wr","12","@JAX","11.8","0","0","0","0","0","0","0.7714","4.3868","0.0221","6.4305","4.0131","48.3869","0.3966","0.0592","0.0315","0.0169","0","0","0","0","0","0","0","0","0","0","0","0","0","0","0","0","0","0","0","0","0","0","0","0","0","0","0","0","0","0","0","0","0","0","0","0","0","0","0"
"63","Bam Knight","ARZ","rb","8","SF","9.7","0","0","0","0","0","0","9.8492","36.3458","0.3107","2.852","2.3004","14.1009","0.0789","0.1471","0.0672","0.0182","33.2591","0.0085","0","0","0","0","0","0","0","0","0","0","0","0","0","0","0","0","0","0","0","0","0","0","0","0","0","0","0","0","0","0","0","0","0","0","0","0","0"
"64","Dallas Goedert","PHI","te","9","DET","10.9","0","0","0","0","0","0","0","0","0","5.781","4.5005","40.3416","0.3813","0","0","0.0199","0","0","0","0","0","0","0","0","0","0","0","0","0","0","0","0","0","0","0","0","0","0","0","0","0","0","0","0","0","0","0","0","0","0","0","0","0","0","0"
"65","Kenneth Walker III","SEA","rb","8","@LA","9.6","0","0","0","0","0","0","11.6841","45.2641","0.4284","1.7388","1.4854","7.855","0.0434","0.1628","0.0734","0.0203","0","0","0","0","0","0","0","0","0","0","0","0","0","0","0","0","0","0","0","0","0","0","0","0","0","0","0","0","0","0","0","0","0","0","0","0","0","0","0"
"66","Kyle Pitts","ATL","te","5","CAR","10.8","0","0","0","0","0","0","0","0","0","6.4908","4.4319","47.1817","0.2723","0","0","0.0162","0","0","0","0","0","0","0","0","0","0","0","0","0","0","0","0","0","0","0","0","0","0","0","0","0","0","0","0","0","0","0","0","0","0","0","0","0","0","0"
"67","David Montgomery","DET","rb","8","@PHI","9.5","0","0","0","0","0","0","9.7874","40.4895","0.381","2.2112","1.8173","11.0628","0.0464","0.1457","0.0667","0.0205","0","0","0","0","0","0","0","0","0","0","0","0","0","0","0","0","0","0","0","0","0","0","0","0","0","0","0","0","0","0","0","0","0","0","0","0","0","0","0"
"68","Josh Allen","BUF","qb","7","TB","19.7","21.2612","29.634","221.8904","1.5775","0.5909","1.4807","5.8384","29.9445","0.3153","0","0","0","0","0","0","0.1069","0","0","0","0","0","0","0","0","0","0","0","0","0","0","0","0","0","0","0","0","0","0","0","0","0","0","0","0","0","0","0","0","0","0","0","0","0","0","0"
"69","Troy Franklin","DEN","wr","12","KC","11.2","0","0","0","0","0","0","0.1531","0.9002","0.0017","6.9468","4.2355","45.5799","0.3901","0.0449","0.0245","0.0173","0","0","0","0","0","0","0","0","0","0","0","0","0","0","0","0","0","0","0","0","0","0","0","0","0","0","0","0","0","0","0","0","0","0","0","0","0","0","0"
"70","Keenan Allen","LAC","wr","12","@JAX","11.1","0","0","0","0","0","0","0","0","0","6.7447","4.6977","43.8225","0.3339","0","0","0.0168","0","0","0","0","0","0","0","0","0","0","0","0","0","0","0","0","0","0","0","0","0","0","0","0","0","0","0","0","0","0","0","0","0","0","0","0","0","0","0"
"71","Khalil Shakir","BUF","wr","7","TB","11.1","0","0","0","0","0","0","0","0","0","5.854","4.5709","47.6606","0.2898","0","0","0.0203","0","0","0","0","0","0","0","0","0","0","0","0","0","0","0","0","0","0","0","0","0","0","0","0","0","0","0","0","0","0","0","0","0","0","0","0","0","0","0"
"72","Tre Tucker","LV","wr","8","DAL","11.1","0","0","0","0","0","0","0.4233","2.3526","0.0153","6.0832","3.9311","49.5823","0.3142","0.0527","0.0285","0.0153","16.5284","0.0142","0","0","0","0","0","0","0","0","0","0","0","0","0","0","0","0","0","0","0","0","0","0","0","0","0","0","0","0","0","0","0","0","0","0","0","0","0"
"73","Michael Wilson","ARZ","wr","8","SF","10.9","0","0","0","0","0","0","0","0","0","6.6218","4.0079","50.9624","0.2959","0","0","0.0161","0","0","0","0","0","0","0","0","0","0","0","0","0","0","0","0","0","0","0","0","0","0","0","0","0","0","0","0","0","0","0","0","0","0","0","0","0","0","0"
"74","Travis Kelce","KC","te","10","@DEN","10.4","0","0","0","0","0","0","0","0","0","5.6467","4.3846","41.8156","0.3005","0","0","0.015","0","0","0","0","0","0","0","0","0","0","0","0","0","0","0","0","0","0","0","0","0","0","0","0","0","0","0","0","0","0","0","0","0","0","0","0","0","0","0"
"75","Patrick Mahomes","KC","qb","10","@DEN","19.2","26.5793","36.1043","259.4785","1.7812","0.6576","2.2768","3.0972","21.0927","0.0105","0","0","0","0","0","0","0.0958","0","0","0","0","0","0","0","0","0","0","0","0","0","0","0","0","0","0","0","0","0","0","0","0","0","0","0","0","0","0","0","0","0","0","0","0","0","0","0"
"76","Lamar Jackson","BLT","qb","7","@CLV","19.2","18.367","25.4884","202.6352","1.5753","0.4764","2.4086","6.7475","39.1272","0.1845","0","0","0","0","0","0","0.1019","0","0","0","0","0","0","0","0","0","0","0","0","0","0","0","0","0","0","0","0","0","0","0","0","0","0","0","0","0","0","0","0","0","0","0","0","0","0","0"
"77","Justin Herbert","LAC","qb","12","@JAX","19.1","25.4875","35.8458","258.8715","1.8173","0.6107","2.6267","3.9621","15.6458","0.0555","0","0","0","0","0","0","0.0914","0","0","0","0","0","0","0","0","0","0","0","0","0","0","0","0","0","0","0","0","0","0","0","0","0","0","0","0","0","0","0","0","0","0","0","0","0","0","0"
"78","Jalen Hurts","PHI","qb","9","DET","19","20.0535","27.3971","208.4598","1.4464","0.4879","2.5039","6.7377","29.1987","0.3665","0","0","0","0","0","0","0.1","0","0","0","0","0","0","0","0","0","0","0","0","0","0","0","0","0","0","0","0","0","0","0","0","0","0","0","0","0","0","0","0","0","0","0","0","0","0","0"
"79","Xavier Worthy","KC","wr","10","@DEN","10.5","0","0","0","0","0","0","0.7007","3.3319","0.0366","5.6204","3.7345","44.1507","0.2933","0.0523","0.0278","0.0159","0","0","0","0","0","0","0","0","0","0","0","0","0","0","0","0","0","0","0","0","0","0","0","0","0","0","0","0","0","0","0","0","0","0","0","0","0","0","0"
"80","Emari Demercado","ARZ","rb","8","SF","8.7","0","0","0","0","0","0","8.0697","39.7862","0.2165","2.2279","1.7655","12.448","0.0653","0.1282","0.0585","0.0147","0","0","0","0","0","0","0","0","0","0","0","0","0","0","0","0","0","0","0","0","0","0","0","0","0","0","0","0","0","0","0","0","0","0","0","0","0","0","0"
"81","Jordan Addison","MIN","wr","6","CHI","10.4","0","0","0","0","0","0","0.1321","0.7901","0.0042","6.0522","3.6656","48.2388","0.3008","0.0431","0.0236","0.0153","0","0","0","0","0","0","0","0","0","0","0","0","0","0","0","0","0","0","0","0","0","0","0","0","0","0","0","0","0","0","0","0","0","0","0","0","0","0","0"
"82","Cade Otton","TB","te","9","@BUF","9.8","0","0","0","0","0","0","0","0","0","5.501","3.9195","39.6752","0.3069","0","0","0.0161","0","0","0","0","0","0","0","0","0","0","0","0","0","0","0","0","0","0","0","0","0","0","0","0","0","0","0","0","0","0","0","0","0","0","0","0","0","0","0"
"83","Dak Prescott","DAL","qb","10","@LV","18.5","25.8031","35.4623","256.9415","1.844","0.6847","1.9971","1.9502","12.4502","0.0112","0","0","0","0","0","0","0.0994","0","0","0","0","0","0","0","0","0","0","0","0","0","0","0","0","0","0","0","0","0","0","0","0","0","0","0","0","0","0","0","0","0","0","0","0","0","0","0"
"84","Bo Nix","DEN","qb","12","KC","18.5","24.3779","35.5137","232.0094","1.707","0.6555","1.4722","5.118","19.8815","0.1443","0","0","0","0","0","0","0.0908","0","0","0","0","0","0","0","0","0","0","0","0","0","0","0","0","0","0","0","0","0","0","0","0","0","0","0","0","0","0","0","0","0","0","0","0","0","0","0"
"85","Drake Maye","NE","qb","14","NYJ","18.5","20.9517","28.7108","225.6265","1.5406","0.6016","2.8829","7.2809","28.8825","0.1473","0","0","0","0","0","0","0.09","0","0","0","0","0","0","0","0","0","0","0","0","0","0","0","0","0","0","0","0","0","0","0","0","0","0","0","0","0","0","0","0","0","0","0","0","0","0","0"
"86","Tony Pollard","TEN","rb","10","HST","8.2","0","0","0","0","0","0","11.1052","43.297","0.2389","1.7861","1.4219","9.4653","0.0259","0.1729","0.0777","0.0122","0","0","0","0","0","0","0","0","0","0","0","0","0","0","0","0","0","0","0","0","0","0","0","0","0","0","0","0","0","0","0","0","0","0","0","0","0","0","0"
"87","Brock Purdy","SF","qb","14","@ARZ","18.3","24.1043","32.6476","260.4317","1.6159","0.7404","1.8385","3.3748","15.099","0.0733","0","0","0","0","0","0","0.0884","0","0","0","0","0","0","0","0","0","0","0","0","0","0","0","0","0","0","0","0","0","0","0","0","0","0","0","0","0","0","0","0","0","0","0","0","0","0","0"
"88","DJ Moore","CHI","wr","5","@MIN","9.8","0","0","0","0","0","0","0.1984","1.0948","0.0081","5.6104","3.7513","43.9833","0.2415","0.0458","0.025","0.0147","0","0","0","0","0","0","0","0","0","0","0","0","0","0","0","0","0","0","0","0","0","0","0","0","0","0","0","0","0","0","0","0","0","0","0","0","0","0","0"
"89","Hunter Henry","NE","te","14","NYJ","9.3","0","0","0","0","0","0","0","0","0","4.9282","3.5557","38.1302","0.3213","0","0","0.0148","0","0","0","0","0","0","0","0","0","0","0","0","0","0","0","0","0","0","0","0","0","0","0","0","0","0","0","0","0","0","0","0","0","0","0","0","0","0","0"
"90","Harold Fannin Jr.","CLV","te","9","BLT","9.3","0","0","0","0","0","0","0","0","0","6.3078","4.3513","36.6859","0.2159","0","0","0.012","0","0","0","0","0","0","0","0","0","0","0","0","0","0","0","0","0","0","0","0","0","0","0","0","0","0","0","0","0","0","0","0","0","0","0","0","0","0","0"
"91","Zach Charbonnet","SEA","rb","8","@LA","8","0","0","0","0","0","0","10.0428","36.1052","0.3885","1.4229","1.2598","6.2939","0.0346","0.1406","0.0631","0.0172","0","0","0","0","0","0","0","0","0","0","0","0","0","0","0","0","0","0","0","0","0","0","0","0","0","0","0","0","0","0","0","0","0","0","0","0","0","0","0"
"92","Tyjae Spears","TEN","rb","10","HST","7.9","0","0","0","0","0","0","7.9771","30.7549","0.2057","2.3965","2.038","13.1174","0.0424","0.1246","0.0567","0.0108","0","0","0","0","0","0","0","0","0","0","0","0","0","0","0","0","0","0","0","0","0","0","0","0","0","0","0","0","0","0","0","0","0","0","0","0","0","0","0"
"93","Baker Mayfield","TB","qb","9","@BUF","18.1","22.6271","32.2838","230.5012","1.7768","0.7366","2.79","4.0628","14.7179","0.1377","0","0","0","0","0","0","0.0974","0","0","0","0","0","0","0","0","0","0","0","0","0","0","0","0","0","0","0","0","0","0","0","0","0","0","0","0","0","0","0","0","0","0","0","0","0","0","0"
"94","Parker Washington","JAX","wr","8","LAC","9.6","0","0","0","0","0","0","0.2366","1.3308","0.0124","5.7667","3.5805","44.0471","0.2412","0.0418","0.0227","0.0138","18.5569","0.016","0","0","0","0","0","0","0","0","0","0","0","0","0","0","0","0","0","0","0","0","0","0","0","0","0","0","0","0","0","0","0","0","0","0","0","0","0"
"95","Mark Andrews","BLT","te","7","@CLV","9.1","0","0","0","0","0","0","0","0","0","4.629","3.386","32.2691","0.4005","0","0","0.0176","0","0","0","0","0","0","0","0","0","0","0","0","0","0","0","0","0","0","0","0","0","0","0","0","0","0","0","0","0","0","0","0","0","0","0","0","0","0","0"
"96","Sean Tucker","TB","rb","9","@BUF","7.8","0","0","0","0","0","0","8.7513","40.6766","0.2922","1.35","1.0244","7.0682","0.04","0.1385","0.0628","0.0163","36.9825","0.0095","0","0","0","0","0","0","0","0","0","0","0","0","0","0","0","0","0","0","0","0","0","0","0","0","0","0","0","0","0","0","0","0","0","0","0","0","0"
"97","Zach Ertz","WAS","te","12","@MIA","9","0","0","0","0","0","0","0","0","0","4.7068","3.6095","35.4367","0.3061","0","0","0.0152","0","0","0","0","0","0","0","0","0","0","0","0","0","0","0","0","0","0","0","0","0","0","0","0","0","0","0","0","0","0","0","0","0","0","0","0","0","0","0"
"98","Jordan Mason","MIN","rb","6","CHI","7.7","0","0","0","0","0","0","8.7047","38.497","0.2644","1.552","1.2575","8.3659","0.0305","0.1476","0.0664","0.0137","0","0","0","0","0","0","0","0","0","0","0","0","0","0","0","0","0","0","0","0","0","0","0","0","0","0","0","0","0","0","0","0","0","0","0","0","0","0","0"
"99","Jakobi Meyers","JAX","wr","8","LAC","9.4","0","0","0","0","0","0","0","0","0","5.8037","3.8893","41.5942","0.2236","0","0","0.0136","0","0","0","0","0","0","0","0","0","0","0","0","0","0","0","0","0","0","0","0","0","0","0","0","0","0","0","0","0","0","0","0","0","0","0","0","0","0","0"
"100","Ricky Pearsall","SF","wr","14","@ARZ","9.4","0","0","0","0","0","0","0.2359","1.3349","0.0085","5.3209","3.5251","43.2478","0.2268","0.0415","0.0225","0.0144","0","0","0","0","0","0","0","0","0","0","0","0","0","0","0","0","0","0","0","0","0","0","0","0","0","0","0","0","0","0","0","0","0","0","0","0","0","0","0"
"101","Devin Singletary","NYG","rb","14","GB","7.6","0","0","0","0","0","0","7.7807","27.2335","0.2348","2.5178","1.9677","12.0801","0.0558","0.1353","0.0625","0.0153","35.5346","0.0091","0","0","0","0","0","0","0","0","0","0","0","0","0","0","0","0","0","0","0","0","0","0","0","0","0","0","0","0","0","0","0","0","0","0","0","0","0"
"102","Kyle Monangai","CHI","rb","5","@MIN","7.5","0","0","0","0","0","0","8.3372","36.5755","0.2952","1.4531","1.155","7.85","0.0351","0.1365","0.0615","0.0128","0","0","0","0","0","0","0","0","0","0","0","0","0","0","0","0","0","0","0","0","0","0","0","0","0","0","0","0","0","0","0","0","0","0","0","0","0","0","0"
"103","Jerry Jeudy","CLV","wr","9","BLT","9.2","0","0","0","0","0","0","0","0","0","6.564","3.5827","43.203","0.2183","0","0","0.0125","0","0","0","0","0","0","0","0","0","0","0","0","0","0","0","0","0","0","0","0","0","0","0","0","0","0","0","0","0","0","0","0","0","0","0","0","0","0","0"
"104","Christian Watson","GB","wr","5","@NYG","9.1","0","0","0","0","0","0","0","0","0","5.0327","2.8676","44.3472","0.2939","0","0","0.0164","0","0","0","0","0","0","0","0","0","0","0","0","0","0","0","0","0","0","0","0","0","0","0","0","0","0","0","0","0","0","0","0","0","0","0","0","0","0","0"
"105","Mason Taylor","NYJ","te","9","@NE","8.6","0","0","0","0","0","0","0","0","0","5.3497","3.9879","30.3663","0.2642","0","0","0.0139","0","0","0","0","0","0","0","0","0","0","0","0","0","0","0","0","0","0","0","0","0","0","0","0","0","0","0","0","0","0","0","0","0","0","0","0","0","0","0"
"106","Malik Washington","MIA","wr","12","WAS","9","0","0","0","0","0","0","1.2643","7.6107","0.0215","4.8941","3.5921","30.902","0.2452","0.0568","0.0294","0.0164","49.1785","0.0226","0","0","0","0","0","0","0","0","0","0","0","0","0","0","0","0","0","0","0","0","0","0","0","0","0","0","0","0","0","0","0","0","0","0","0","0","0"
"107","Dawson Knox","BUF","te","7","TB","8.5","0","0","0","0","0","0","0","0","0","4.7574","3.2075","35.0687","0.2942","0","0","0.0165","0","0","0","0","0","0","0","0","0","0","0","0","0","0","0","0","0","0","0","0","0","0","0","0","0","0","0","0","0","0","0","0","0","0","0","0","0","0","0"
"108","Jacory Croskey-Merritt","WAS","rb","12","@MIA","7.2","0","0","0","0","0","0","8.8077","37.4587","0.3108","1.2158","0.9318","5.119","0.0336","0.138","0.0623","0.0141","0","0","0","0","0","0","0","0","0","0","0","0","0","0","0","0","0","0","0","0","0","0","0","0","0","0","0","0","0","0","0","0","0","0","0","0","0","0","0"
"109","Kenneth Gainwell","PIT","rb","5","CIN","7.1","0","0","0","0","0","0","4.7215","21.067","0.136","2.7927","2.296","14.734","0.0739","0.1029","0.0478","0.0139","40.6679","0.0104","0","0","0","0","0","0","0","0","0","0","0","0","0","0","0","0","0","0","0","0","0","0","0","0","0","0","0","0","0","0","0","0","0","0","0","0","0"
"110","Brashard Smith","KC","rb","10","@DEN","6.8","0","0","0","0","0","0","5.1388","18.3248","0.1596","2.5397","2.1245","14.1173","0.0766","0.0924","0.0432","0.0144","31.7625","0.0081","0","0","0","0","0","0","0","0","0","0","0","0","0","0","0","0","0","0","0","0","0","0","0","0","0","0","0","0","0","0","0","0","0","0","0","0","0"
"111","Sam Darnold","SEA","qb","8","@LA","17","22.3941","30.4991","241.6067","1.5923","0.7429","2.8491","3.1645","11.0726","0.0658","0","0","0","0","0","0","0.0922","0","0","0","0","0","0","0","0","0","0","0","0","0","0","0","0","0","0","0","0","0","0","0","0","0","0","0","0","0","0","0","0","0","0","0","0","0","0","0"
"112","Darnell Mooney","ATL","wr","5","CAR","8.5","0","0","0","0","0","0","0","0","0","5.3295","3.0727","41.1816","0.2076","0","0","0.0133","0","0","0","0","0","0","0","0","0","0","0","0","0","0","0","0","0","0","0","0","0","0","0","0","0","0","0","0","0","0","0","0","0","0","0","0","0","0","0"
"113","Dalton Schultz","HST","te","6","@TEN","8","0","0","0","0","0","0","0","0","0","4.9396","3.4929","34.3183","0.1723","0","0","0.0109","0","0","0","0","0","0","0","0","0","0","0","0","0","0","0","0","0","0","0","0","0","0","0","0","0","0","0","0","0","0","0","0","0","0","0","0","0","0","0"
"114","Keon Coleman","BUF","wr","7","TB","8.4","0","0","0","0","0","0","0","0","0","4.8805","2.9374","38.2819","0.269","0","0","0.0169","0","0","0","0","0","0","0","0","0","0","0","0","0","0","0","0","0","0","0","0","0","0","0","0","0","0","0","0","0","0","0","0","0","0","0","0","0","0","0"
"115","Nick Chubb","HST","rb","6","@TEN","6.6","0","0","0","0","0","0","8.1245","33.4344","0.2032","1.6268","1.1598","6.4843","0.0382","0.1244","0.0569","0.0108","0","0","0","0","0","0","0","0","0","0","0","0","0","0","0","0","0","0","0","0","0","0","0","0","0","0","0","0","0","0","0","0","0","0","0","0","0","0","0"
"116","Tua Tagovailoa","MIA","qb","12","WAS","16.9","22.3346","30.3104","230.5026","1.8447","0.7501","1.7109","1.7021","6.6814","0.0274","0","0","0","0","0","0","0.091","0","0","0","0","0","0","0","0","0","0","0","0","0","0","0","0","0","0","0","0","0","0","0","0","0","0","0","0","0","0","0","0","0","0","0","0","0","0","0"
"117","Caleb Williams","CHI","qb","5","@MIN","16.9","21.6707","31.9852","222.5547","1.3554","0.5961","3.0087","6.4094","21.2102","0.1468","0","0","0","0","0","0","0.0867","0","0","0","0","0","0","0","0","0","0","0","0","0","0","0","0","0","0","0","0","0","0","0","0","0","0","0","0","0","0","0","0","0","0","0","0","0","0","0"
"118","Matthew Stafford","LA","qb","8","SEA","16.8","25.0831","34.8635","255.7261","1.6427","0.6429","2.0135","2.8691","4.0394","0.0153","0","0","0","0","0","0","0.0897","0","0","0","0","0","0","0","0","0","0","0","0","0","0","0","0","0","0","0","0","0","0","0","0","0","0","0","0","0","0","0","0","0","0","0","0","0","0","0"
"119","Tyler Allgeier","ATL","rb","5","CAR","6.5","0","0","0","0","0","0","8.2852","35.0536","0.2874","0.8348","0.6839","4.7826","0.0197","0.13","0.058","0.0106","0","0","0","0","0","0","0","0","0","0","0","0","0","0","0","0","0","0","0","0","0","0","0","0","0","0","0","0","0","0","0","0","0","0","0","0","0","0","0"
"120","Chris Rodriguez Jr.","WAS","rb","12","@MIA","6.5","0","0","0","0","0","0","8.7332","37.1884","0.3343","0.6203","0.5052","2.102","0.0193","0.1132","0.0504","0.0121","0","0","0","0","0","0","0","0","0","0","0","0","0","0","0","0","0","0","0","0","0","0","0","0","0","0","0","0","0","0","0","0","0","0","0","0","0","0","0"
"121","Jacoby Brissett","ARZ","qb","8","SF","16.7","23.9289","33.6287","224.3609","1.4182","0.6058","2.8135","4.5426","16.5846","0.1399","0","0","0","0","0","0","0.0845","0","0","0","0","0","0","0","0","0","0","0","0","0","0","0","0","0","0","0","0","0","0","0","0","0","0","0","0","0","0","0","0","0","0","0","0","0","0","0"
"122","Calvin Austin III","PIT","wr","5","CIN","8.2","0","0","0","0","0","0","0","0","0","4.9401","3.1453","33.999","0.2702","0","0","0.0143","14.2008","0.0122","0","0","0","0","0","0","0","0","0","0","0","0","0","0","0","0","0","0","0","0","0","0","0","0","0","0","0","0","0","0","0","0","0","0","0","0","0"
"123","Calvin Ridley","TEN","wr","10","HST","8.1","0","0","0","0","0","0","0.2651","1.3278","0.01","5.4889","2.9324","38.9691","0.1761","0.0399","0.0216","0.0102","0","0","0","0","0","0","0","0","0","0","0","0","0","0","0","0","0","0","0","0","0","0","0","0","0","0","0","0","0","0","0","0","0","0","0","0","0","0","0"
"124","Tez Johnson","TB","wr","9","@BUF","8.1","0","0","0","0","0","0","0","0","0","4.4286","2.8081","35.3404","0.2875","0","0","0.0129","0","0","0","0","0","0","0","0","0","0","0","0","0","0","0","0","0","0","0","0","0","0","0","0","0","0","0","0","0","0","0","0","0","0","0","0","0","0","0"
"125","Elic Ayomanor","TEN","wr","10","HST","8.1","0","0","0","0","0","0","0","0","0","6.0375","3.4129","35.0814","0.1861","0","0","0.011","0","0","0","0","0","0","0","0","0","0","0","0","0","0","0","0","0","0","0","0","0","0","0","0","0","0","0","0","0","0","0","0","0","0","0","0","0","0","0"
"126","Jared Goff","DET","qb","8","@PHI","16.5","24.3199","31.8551","237.3836","1.613","0.6086","2.335","1.927","5.5436","0.0621","0","0","0","0","0","0","0.0996","0","0","0","0","0","0","0","0","0","0","0","0","0","0","0","0","0","0","0","0","0","0","0","0","0","0","0","0","0","0","0","0","0","0","0","0","0","0","0"
"127","Cooper Kupp","SEA","wr","8","@LA","8","0","0","0","0","0","0","0","0","0","4.176","2.9545","37.0677","0.2197","0","0","0.0123","0","0","0","0","0","0","0","0","0","0","0","0","0","0","0","0","0","0","0","0","0","0","0","0","0","0","0","0","0","0","0","0","0","0","0","0","0","0","0"
"128","Greg Dortch","ARZ","wr","8","SF","8","0","0","0","0","0","0","0.2162","1.3035","0.0113","5.0475","3.6701","29.634","0.2006","0.0443","0.0241","0.0125","60.9471","0.0258","0","0","0","0","0","0","0","0","0","0","0","0","0","0","0","0","0","0","0","0","0","0","0","0","0","0","0","0","0","0","0","0","0","0","0","0","0"
"129","Rashid Shaheed","SEA","wr","8","@LA","8","0","0","0","0","0","0","0","0","0","4.5669","2.8886","37.2789","0.2289","0","0","0.0135","66.8579","0.0271","0","0","0","0","0","0","0","0","0","0","0","0","0","0","0","0","0","0","0","0","0","0","0","0","0","0","0","0","0","0","0","0","0","0","0","0","0"
"130","Evan Engram","DEN","te","12","KC","7.5","0","0","0","0","0","0","0","0","0","4.7612","3.5746","28.3788","0.1719","0","0","0.0117","0","0","0","0","0","0","0","0","0","0","0","0","0","0","0","0","0","0","0","0","0","0","0","0","0","0","0","0","0","0","0","0","0","0","0","0","0","0","0"
"131","T.J. Hockenson","MIN","te","6","CHI","7.5","0","0","0","0","0","0","0","0","0","4.6879","3.4422","28.4442","0.2057","0","0","0.0117","0","0","0","0","0","0","0","0","0","0","0","0","0","0","0","0","0","0","0","0","0","0","0","0","0","0","0","0","0","0","0","0","0","0","0","0","0","0","0"
"132","Isaiah Davis","NYJ","rb","9","@NE","6.2","0","0","0","0","0","0","4.2887","15.917","0.1126","2.7067","2.202","13.3001","0.0743","0.0892","0.0415","0.0108","41.7039","0.0107","0","0","0","0","0","0","0","0","0","0","0","0","0","0","0","0","0","0","0","0","0","0","0","0","0","0","0","0","0","0","0","0","0","0","0","0","0"
"133","David Njoku","CLV","te","9","BLT","7.4","0","0","0","0","0","0","0","0","0","4.98","3.4331","27.2667","0.2117","0","0","0.0095","0","0","0","0","0","0","0","0","0","0","0","0","0","0","0","0","0","0","0","0","0","0","0","0","0","0","0","0","0","0","0","0","0","0","0","0","0","0","0"
"134","Joe Flacco","CIN","qb","10","@PIT","16.4","26.8185","37.9413","254.6663","1.5651","0.9079","2.7678","1.7358","2.9002","0.0664","0","0","0","0","0","0","0.0843","0","0","0","0","0","0","0","0","0","0","0","0","0","0","0","0","0","0","0","0","0","0","0","0","0","0","0","0","0","0","0","0","0","0","0","0","0","0","0"
"135","Mack Hollins","NE","wr","14","NYJ","7.8","0","0","0","0","0","0","0","0","0","4.0236","2.8352","34.175","0.2501","0","0","0.0121","0","0","0","0","0","0","0","0","0","0","0","0","0","0","0","0","0","0","0","0","0","0","0","0","0","0","0","0","0","0","0","0","0","0","0","0","0","0","0"
"136","Colston Loveland","CHI","te","5","@MIN","7.3","0","0","0","0","0","0","0","0","0","4.2946","2.9281","30.8591","0.2136","0","0","0.0111","0","0","0","0","0","0","0","0","0","0","0","0","0","0","0","0","0","0","0","0","0","0","0","0","0","0","0","0","0","0","0","0","0","0","0","0","0","0","0"
"137","Keaton Mitchell","BLT","rb","7","@CLV","6","0","0","0","0","0","0","3.6458","15.1523","0.1117","2.342","1.964","14.2593","0.0728","0.0705","0.0334","0.0134","0","0","0","0","0","0","0","0","0","0","0","0","0","0","0","0","0","0","0","0","0","0","0","0","0","0","0","0","0","0","0","0","0","0","0","0","0","0","0"
"138","Geno Smith","LV","qb","8","DAL","16.2","22.5285","30.7876","226.9924","1.5447","0.6841","2.8172","3.0305","11.0283","0.0635","0","0","0","0","0","0","0.0762","0","0","0","0","0","0","0","0","0","0","0","0","0","0","0","0","0","0","0","0","0","0","0","0","0","0","0","0","0","0","0","0","0","0","0","0","0","0","0"
"139","Aaron Rodgers","PIT","qb","5","CIN","16.1","21.0545","29.781","218.2542","1.7167","0.5009","1.7137","1.7864","6.3219","0.0408","0","0","0","0","0","0","0.0861","0","0","0","0","0","0","0","0","0","0","0","0","0","0","0","0","0","0","0","0","0","0","0","0","0","0","0","0","0","0","0","0","0","0","0","0","0","0","0"
"140","Greg Dulcich","MIA","te","12","WAS","7.1","0","0","0","0","0","0","0","0","0","3.9001","2.8129","27.9685","0.2426","0","0","0.0117","0","0","0","0","0","0","0","0","0","0","0","0","0","0","0","0","0","0","0","0","0","0","0","0","0","0","0","0","0","0","0","0","0","0","0","0","0","0","0"
"141","AJ Barner","SEA","te","8","@LA","7","0","0","0","0","0","0","0","0","0","3.5463","2.7035","26.4458","0.2669","0","0","0.0105","0","0","0","0","0","0","0","0","0","0","0","0","0","0","0","0","0","0","0","0","0","0","0","0","0","0","0","0","0","0","0","0","0","0","0","0","0","0","0"
"142","Jordan Love","GB","qb","5","@NYG","15.9","20.5264","29.7042","222.5465","1.4922","0.6104","1.688","2.4872","9.9627","0.0751","0","0","0","0","0","0","0.0967","0","0","0","0","0","0","0","0","0","0","0","0","0","0","0","0","0","0","0","0","0","0","0","0","0","0","0","0","0","0","0","0","0","0","0","0","0","0","0"
"143","J.J. McCarthy","MIN","qb","6","CHI","15.9","20.5458","30.7177","213.8153","1.2501","0.9095","3.1455","5.0783","20.9366","0.165","0","0","0","0","0","0","0.0798","0","0","0","0","0","0","0","0","0","0","0","0","0","0","0","0","0","0","0","0","0","0","0","0","0","0","0","0","0","0","0","0","0","0","0","0","0","0","0"
"144","Tyler Lockett","LV","wr","8","DAL","7.4","0","0","0","0","0","0","0","0","0","4.3684","2.9063","32.107","0.2112","0","0","0.0106","0","0","0","0","0","0","0","0","0","0","0","0","0","0","0","0","0","0","0","0","0","0","0","0","0","0","0","0","0","0","0","0","0","0","0","0","0","0","0"
"145","Jaylin Lane","WAS","wr","12","@MIA","7.4","0","0","0","0","0","0","0","0","0","4.6929","2.847","31.739","0.2236","0","0","0.0152","44.5915","0.0217","0","0","0","0","0","0","0","0","0","0","0","0","0","0","0","0","0","0","0","0","0","0","0","0","0","0","0","0","0","0","0","0","0","0","0","0","0"
"146","Chuba Hubbard","CAR","rb","14","@ATL","5.6","0","0","0","0","0","0","4.5052","17.5309","0.1176","2.047","1.6888","10.073","0.0711","0.0792","0.0369","0.0097","0","0","0","0","0","0","0","0","0","0","0","0","0","0","0","0","0","0","0","0","0","0","0","0","0","0","0","0","0","0","0","0","0","0","0","0","0","0","0"
"147","Trevor Lawrence","JAX","qb","8","LAC","15.8","22.8977","33.9829","214.4441","1.3423","0.8119","2.3182","3.6381","15.2047","0.1595","0","0","0","0","0","0","0.0817","0","0","0","0","0","0","0","0","0","0","0","0","0","0","0","0","0","0","0","0","0","0","0","0","0","0","0","0","0","0","0","0","0","0","0","0","0","0","0"
"148","Jaret Patterson","LAC","rb","12","@JAX","5.5","0","0","0","0","0","0","5.7481","23.1017","0.1246","1.5693","1.2783","8.8112","0.045","0.0915","0.0418","0.0106","0","0","0","0","0","0","0","0","0","0","0","0","0","0","0","0","0","0","0","0","0","0","0","0","0","0","0","0","0","0","0","0","0","0","0","0","0","0","0"
"149","Noah Fant","CIN","te","10","@PIT","6.7","0","0","0","0","0","0","0","0","0","4.1034","3.1294","24.9418","0.1695","0","0","0.0089","0","0","0","0","0","0","0","0","0","0","0","0","0","0","0","0","0","0","0","0","0","0","0","0","0","0","0","0","0","0","0","0","0","0","0","0","0","0","0"
"150","Luke Musgrave","GB","te","5","@NYG","6.7","0","0","0","0","0","0","0","0","0","3.7731","2.7591","28.0255","0.1815","0","0","0.0123","0","0","0","0","0","0","0","0","0","0","0","0","0","0","0","0","0","0","0","0","0","0","0","0","0","0","0","0","0","0","0","0","0","0","0","0","0","0","0"
"151","Jonnu Smith","PIT","te","5","CIN","6.6","0","0","0","0","0","0","0","0","0","3.5476","2.7059","23.8035","0.2496","0","0","0.0102","0","0","0","0","0","0","0","0","0","0","0","0","0","0","0","0","0","0","0","0","0","0","0","0","0","0","0","0","0","0","0","0","0","0","0","0","0","0","0"
"152","Jeremy McNichols","WAS","rb","12","@MIA","5.3","0","0","0","0","0","0","3.115","14.972","0.1241","1.9259","1.5652","12.1289","0.0479","0.0597","0.0282","0.0098","0","0","0","0","0","0","0","0","0","0","0","0","0","0","0","0","0","0","0","0","0","0","0","0","0","0","0","0","0","0","0","0","0","0","0","0","0","0","0"
"153","Blake Corum","LA","rb","8","SEA","5.3","0","0","0","0","0","0","6.9933","25.9652","0.2053","1.2079","0.8932","4.7074","0.0273","0.0881","0.0403","0.0117","0","0","0","0","0","0","0","0","0","0","0","0","0","0","0","0","0","0","0","0","0","0","0","0","0","0","0","0","0","0","0","0","0","0","0","0","0","0","0"
"154","Jameis Winston","NYG","qb","14","GB","15.5","23.5364","33.0878","223.1215","1.3818","0.9471","2.7165","3.7783","13.1538","0.0838","0","0","0","0","0","0","0.0791","0","0","0","0","0","0","0","0","0","0","0","0","0","0","0","0","0","0","0","0","0","0","0","0","0","0","0","0","0","0","0","0","0","0","0","0","0","0","0"
"155","Matthew Golden","GB","wr","5","@NYG","7","0","0","0","0","0","0","0","0","0","4.0223","2.6366","32.6054","0.1756","0","0","0.0131","0","0","0","0","0","0","0","0","0","0","0","0","0","0","0","0","0","0","0","0","0","0","0","0","0","0","0","0","0","0","0","0","0","0","0","0","0","0","0"
"156","Olamide Zaccheaus","CHI","wr","5","@MIN","6.9","0","0","0","0","0","0","0","0","0","4.535","3.2308","26.2004","0.171","0","0","0.0117","0","0","0","0","0","0","0","0","0","0","0","0","0","0","0","0","0","0","0","0","0","0","0","0","0","0","0","0","0","0","0","0","0","0","0","0","0","0","0"
"157","Chimere Dike","TEN","wr","10","HST","6.9","0","0","0","0","0","0","0","0","0","4.8382","2.9556","30.3354","0.1554","0","0","0.0088","89.0363","0.0371","0","0","0","0","0","0","0","0","0","0","0","0","0","0","0","0","0","0","0","0","0","0","0","0","0","0","0","0","0","0","0","0","0","0","0","0","0"
"158","Brock Wright","DET","te","8","@PHI","6.4","0","0","0","0","0","0","0","0","0","3.4856","2.8097","21.4254","0.237","0","0","0.0108","0","0","0","0","0","0","0","0","0","0","0","0","0","0","0","0","0","0","0","0","0","0","0","0","0","0","0","0","0","0","0","0","0","0","0","0","0","0","0"
"159","Ollie Gordon II","MIA","rb","12","WAS","5.1","0","0","0","0","0","0","5.0345","20.8926","0.1568","1.2404","1.0255","7.5712","0.0461","0.0791","0.0361","0.0107","0","0","0","0","0","0","0","0","0","0","0","0","0","0","0","0","0","0","0","0","0","0","0","0","0","0","0","0","0","0","0","0","0","0","0","0","0","0","0"
"160","Jalen Coker","CAR","wr","14","@ATL","6.8","0","0","0","0","0","0","0","0","0","4.2903","2.7696","28.1985","0.1957","0","0","0.0107","0","0","0","0","0","0","0","0","0","0","0","0","0","0","0","0","0","0","0","0","0","0","0","0","0","0","0","0","0","0","0","0","0","0","0","0","0","0","0"
"161","Pat Freiermuth","PIT","te","5","CIN","6.3","0","0","0","0","0","0","0","0","0","3.1791","2.3945","24.6228","0.2319","0","0","0.0092","0","0","0","0","0","0","0","0","0","0","0","0","0","0","0","0","0","0","0","0","0","0","0","0","0","0","0","0","0","0","0","0","0","0","0","0","0","0","0"
"162","Emanuel Wilson","GB","rb","5","@NYG","5","0","0","0","0","0","0","5.4228","23.6041","0.1834","1.1005","0.8622","5.3095","0.0339","0.099","0.045","0.0101","0","0","0","0","0","0","0","0","0","0","0","0","0","0","0","0","0","0","0","0","0","0","0","0","0","0","0","0","0","0","0","0","0","0","0","0","0","0","0"
"163","Bhayshul Tuten","JAX","rb","8","LAC","4.9","0","0","0","0","0","0","5.1843","20.3594","0.1681","1.3578","1.0145","6.5533","0.0366","0.0959","0.044","0.0093","42.9009","0.011","0","0","0","0","0","0","0","0","0","0","0","0","0","0","0","0","0","0","0","0","0","0","0","0","0","0","0","0","0","0","0","0","0","0","0","0","0"
"164","Xavier Legette","CAR","wr","14","@ATL","6.6","0","0","0","0","0","0","0.1707","1.0343","0.0022","4.4349","2.7154","23.7995","0.232","0.0339","0.0185","0.0112","0","0","0","0","0","0","0","0","0","0","0","0","0","0","0","0","0","0","0","0","0","0","0","0","0","0","0","0","0","0","0","0","0","0","0","0","0","0","0"
"165","Marcus Mariota","WAS","qb","12","@MIA","15","19.7667","28.1139","208.0439","1.3894","0.7073","2.0569","2.2478","16.2741","0.0023","0","0","0","0","0","0","0.0911","0","0","0","0","0","0","0","0","0","0","0","0","0","0","0","0","0","0","0","0","0","0","0","0","0","0","0","0","0","0","0","0","0","0","0","0","0","0","0"
"166","Demario Douglas","NE","wr","14","NYJ","6.5","0","0","0","0","0","0","0","0","0","3.3644","2.3307","30.5726","0.1775","0","0","0.0101","0","0","0","0","0","0","0","0","0","0","0","0","0","0","0","0","0","0","0","0","0","0","0","0","0","0","0","0","0","0","0","0","0","0","0","0","0","0","0"
"167","Isaiah Likely","BLT","te","7","@CLV","6","0","0","0","0","0","0","0","0","0","3.0365","2.2847","22.5114","0.2408","0","0","0.0115","0","0","0","0","0","0","0","0","0","0","0","0","0","0","0","0","0","0","0","0","0","0","0","0","0","0","0","0","0","0","0","0","0","0","0","0","0","0","0"
"168","Michael Mayer","LV","te","8","DAL","6","0","0","0","0","0","0","0","0","0","3.2119","2.4783","24.0109","0.178","0","0","0.0078","0","0","0","0","0","0","0","0","0","0","0","0","0","0","0","0","0","0","0","0","0","0","0","0","0","0","0","0","0","0","0","0","0","0","0","0","0","0","0"
"169","Tyler Badie","DEN","rb","12","KC","4.7","0","0","0","0","0","0","3.1498","13.2581","0.0807","1.9362","1.5078","10.1785","0.0546","0.0589","0.0277","0.0089","0","0","0","0","0","0","0","0","0","0","0","0","0","0","0","0","0","0","0","0","0","0","0","0","0","0","0","0","0","0","0","0","0","0","0","0","0","0","0"
"170","Tyler Higbee","LA","te","8","SEA","5.9","0","0","0","0","0","0","0","0","0","3.3371","2.583","22.8427","0.169","0","0","0.0084","0","0","0","0","0","0","0","0","0","0","0","0","0","0","0","0","0","0","0","0","0","0","0","0","0","0","0","0","0","0","0","0","0","0","0","0","0","0","0"
"171","Johnny Mundt","JAX","te","8","LAC","5.8","0","0","0","0","0","0","0","0","0","3.5118","2.6736","21.3827","0.1653","0","0","0.0082","0","0","0","0","0","0","0","0","0","0","0","0","0","0","0","0","0","0","0","0","0","0","0","0","0","0","0","0","0","0","0","0","0","0","0","0","0","0","0"
"172","Marquise Brown","KC","wr","10","@DEN","6.2","0","0","0","0","0","0","0","0","0","3.7074","2.252","28.4182","0.1789","0","0","0.0098","0","0","0","0","0","0","0","0","0","0","0","0","0","0","0","0","0","0","0","0","0","0","0","0","0","0","0","0","0","0","0","0","0","0","0","0","0","0","0"
"173","Dylan Sampson","CLV","rb","9","BLT","4.4","0","0","0","0","0","0","3.4153","13.234","0.0793","1.8169","1.4755","8.7874","0.0485","0.0621","0.0291","0.0065","27.5412","0.007","0","0","0","0","0","0","0","0","0","0","0","0","0","0","0","0","0","0","0","0","0","0","0","0","0","0","0","0","0","0","0","0","0","0","0","0","0"
"174","Cedric Tillman","CLV","wr","9","BLT","6.1","0","0","0","0","0","0","0","0","0","4.7193","2.6279","23.477","0.1915","0","0","0.009","0","0","0","0","0","0","0","0","0","0","0","0","0","0","0","0","0","0","0","0","0","0","0","0","0","0","0","0","0","0","0","0","0","0","0","0","0","0","0"
"175","Justin Fields","NYJ","qb","9","@NE","14.5","16.6814","23.6743","150.9142","1.0145","0.5341","3.1003","7.531","37.8452","0.1621","0","0","0","0","0","0","0.0663","0","0","0","0","0","0","0","0","0","0","0","0","0","0","0","0","0","0","0","0","0","0","0","0","0","0","0","0","0","0","0","0","0","0","0","0","0","0","0"
"176","DeAndre Hopkins","BLT","wr","7","@CLV","6","0","0","0","0","0","0","0","0","0","3.407","2.1041","25.9351","0.2169","0","0","0.0129","0","0","0","0","0","0","0","0","0","0","0","0","0","0","0","0","0","0","0","0","0","0","0","0","0","0","0","0","0","0","0","0","0","0","0","0","0","0","0"
"177","Marvin Mims Jr.","DEN","wr","12","KC","6","0","0","0","0","0","0","0.9406","5.5578","0.001","3.2186","2.2044","23.0177","0.1596","0.0333","0.017","0.0092","64.0632","0.0275","0","0","0","0","0","0","0","0","0","0","0","0","0","0","0","0","0","0","0","0","0","0","0","0","0","0","0","0","0","0","0","0","0","0","0","0","0"
"178","Brian Robinson","SF","rb","14","@ARZ","4.2","0","0","0","0","0","0","5.4346","22.3775","0.1637","0.705","0.5775","2.6119","0.0237","0.0932","0.0418","0.0082","0","0","0","0","0","0","0","0","0","0","0","0","0","0","0","0","0","0","0","0","0","0","0","0","0","0","0","0","0","0","0","0","0","0","0","0","0","0","0"
"179","Sterling Shepard","TB","wr","9","@BUF","5.9","0","0","0","0","0","0","0","0","0","3.5125","2.332","25.6094","0.1692","0","0","0.0103","0","0","0","0","0","0","0","0","0","0","0","0","0","0","0","0","0","0","0","0","0","0","0","0","0","0","0","0","0","0","0","0","0","0","0","0","0","0","0"
"180","Robbie Chosen","WAS","wr","12","@MIA","5.9","0","0","0","0","0","0","0","0","0","3.5761","2.2801","25.6869","0.1769","0","0","0.0116","0","0","0","0","0","0","0","0","0","0","0","0","0","0","0","0","0","0","0","0","0","0","0","0","0","0","0","0","0","0","0","0","0","0","0","0","0","0","0"
"181","Andrei Iosivas","CIN","wr","10","@PIT","5.9","0","0","0","0","0","0","0","0","0","3.7531","2.4039","24.794","0.166","0","0","0.0082","0","0","0","0","0","0","0","0","0","0","0","0","0","0","0","0","0","0","0","0","0","0","0","0","0","0","0","0","0","0","0","0","0","0","0","0","0","0","0"
"182","Chigoziem Okonkwo","TEN","te","10","HST","5.4","0","0","0","0","0","0","0","0","0","3.6474","2.6196","22.4423","0.0914","0","0","0.0066","0","0","0","0","0","0","0","0","0","0","0","0","0","0","0","0","0","0","0","0","0","0","0","0","0","0","0","0","0","0","0","0","0","0","0","0","0","0","0"
"183","Raheem Mostert","LV","rb","8","DAL","4.1","0","0","0","0","0","0","2.7723","12.1522","0.0781","1.495","1.2278","8.8848","0.0516","0.0507","0.0238","0.007","34.6829","0.0089","0","0","0","0","0","0","0","0","0","0","0","0","0","0","0","0","0","0","0","0","0","0","0","0","0","0","0","0","0","0","0","0","0","0","0","0","0"
"184","Michael Penix Jr.","ATL","qb","5","CAR","14.3","20.7931","30.7521","215.9394","1.1882","0.6468","1.2924","2.7842","10.9857","0.055","0","0","0","0","0","0","0.0782","0","0","0","0","0","0","0","0","0","0","0","0","0","0","0","0","0","0","0","0","0","0","0","0","0","0","0","0","0","0","0","0","0","0","0","0","0","0","0"
"185","Bryce Young","CAR","qb","14","@ATL","14.3","20.918","30.6728","181.2255","1.3915","0.6822","2.4337","3.6448","16.8796","0.0572","0","0","0","0","0","0","0.0776","0","0","0","0","0","0","0","0","0","0","0","0","0","0","0","0","0","0","0","0","0","0","0","0","0","0","0","0","0","0","0","0","0","0","0","0","0","0","0"
"186","Gunner Olszewski","NYG","wr","14","GB","5.8","0","0","0","0","0","0","0","0","0","3.3503","2.0704","25.6284","0.1837","0","0","0.0078","66.5271","0.0288","0","0","0","0","0","0","0","0","0","0","0","0","0","0","0","0","0","0","0","0","0","0","0","0","0","0","0","0","0","0","0","0","0","0","0","0","0"
"187","Elijah Higgins","ARZ","te","8","SF","5.3","0","0","0","0","0","0","0","0","0","3.0413","2.3167","21.2593","0.1373","0","0","0.0074","0","0","0","0","0","0","0","0","0","0","0","0","0","0","0","0","0","0","0","0","0","0","0","0","0","0","0","0","0","0","0","0","0","0","0","0","0","0","0"
"188","D'Ernest Johnson","NE","rb","14","NYJ","4","0","0","0","0","0","0","3.6643","14.8473","0.1114","1.1604","0.9562","7.0268","0.0336","0.0599","0.0275","0.0074","0","0","0","0","0","0","0","0","0","0","0","0","0","0","0","0","0","0","0","0","0","0","0","0","0","0","0","0","0","0","0","0","0","0","0","0","0","0","0"
"189","Jerome Ford","CLV","rb","9","BLT","4","0","0","0","0","0","0","1.9384","8.4031","0.046","2.2243","1.742","8.6259","0.0467","0.0476","0.0233","0.006","51.8282","0.0132","0","0","0","0","0","0","0","0","0","0","0","0","0","0","0","0","0","0","0","0","0","0","0","0","0","0","0","0","0","0","0","0","0","0","0","0","0"
"190","Jackson Hawes","BUF","te","7","TB","5.2","0","0","0","0","0","0","0","0","0","3.0767","2.0869","19.3798","0.1981","0","0","0.0107","0","0","0","0","0","0","0","0","0","0","0","0","0","0","0","0","0","0","0","0","0","0","0","0","0","0","0","0","0","0","0","0","0","0","0","0","0","0","0"
"191","Terrell Jennings","NE","rb","14","NYJ","3.9","0","0","0","0","0","0","3.7429","16.2967","0.1058","0.9864","0.8054","5.9976","0.0344","0.0593","0.0271","0.007","0","0","0","0","0","0","0","0","0","0","0","0","0","0","0","0","0","0","0","0","0","0","0","0","0","0","0","0","0","0","0","0","0","0","0","0","0","0","0"
"192","Kyle Williams","NE","wr","14","NYJ","5.6","0","0","0","0","0","0","0","0","0","3.1802","1.9079","26.4642","0.1694","0","0","0.0096","0","0","0","0","0","0","0","0","0","0","0","0","0","0","0","0","0","0","0","0","0","0","0","0","0","0","0","0","0","0","0","0","0","0","0","0","0","0","0"
"193","Tyler Johnson","NYJ","wr","9","@NE","5.5","0","0","0","0","0","0","0","0","0","3.3686","2.1858","23.5082","0.1588","0","0","0.0087","0","0","0","0","0","0","0","0","0","0","0","0","0","0","0","0","0","0","0","0","0","0","0","0","0","0","0","0","0","0","0","0","0","0","0","0","0","0","0"
"194","Jalen Nailor","MIN","wr","6","CHI","5.5","0","0","0","0","0","0","0.1101","0.6584","0.0039","3.1849","1.8539","25.9894","0.1616","0.0253","0.0138","0.0081","0","0","0","0","0","0","0","0","0","0","0","0","0","0","0","0","0","0","0","0","0","0","0","0","0","0","0","0","0","0","0","0","0","0","0","0","0","0","0"
"195","Ja'Tavion Sanders","CAR","te","14","@ATL","4.9","0","0","0","0","0","0","0","0","0","3.066","2.3022","17.1379","0.1508","0","0","0.0076","0","0","0","0","0","0","0","0","0","0","0","0","0","0","0","0","0","0","0","0","0","0","0","0","0","0","0","0","0","0","0","0","0","0","0","0","0","0","0"
"196","Ty Johnson","BUF","rb","7","TB","3.6","0","0","0","0","0","0","2.2152","9.8276","0.076","1.3938","1.172","6.4849","0.0523","0.0391","0.0182","0.0078","33.7503","0.0086","0","0","0","0","0","0","0","0","0","0","0","0","0","0","0","0","0","0","0","0","0","0","0","0","0","0","0","0","0","0","0","0","0","0","0","0","0"
"197","Christian Kirk","HST","wr","6","@TEN","5.3","0","0","0","0","0","0","0","0","0","3.5892","2.1477","23.4737","0.127","0","0","0.008","0","0","0","0","0","0","0","0","0","0","0","0","0","0","0","0","0","0","0","0","0","0","0","0","0","0","0","0","0","0","0","0","0","0","0","0","0","0","0"
"198","Ray Davis","BUF","rb","7","TB","3.5","0","0","0","0","0","0","3.2576","13.8467","0.1056","0.8827","0.7125","5.1727","0.0384","0.0517","0.0236","0.0074","0","0","0","0","0","0","0","0","0","0","0","0","0","0","0","0","0","0","0","0","0","0","0","0","0","0","0","0","0","0","0","0","0","0","0","0","0","0","0"
"199","Jaydon Blue","DAL","rb","10","@LV","3.5","0","0","0","0","0","0","5.3178","21.655","0.1561","0.2506","0.2061","1.4113","0.0076","0.0741","0.0329","0.0077","0","0","0","0","0","0","0","0","0","0","0","0","0","0","0","0","0","0","0","0","0","0","0","0","0","0","0","0","0","0","0","0","0","0","0","0","0","0","0"
"200","Isaiah Hodgins","NYG","wr","14","GB","5.2","0","0","0","0","0","0","0","0","0","3.0954","2.1045","22.4274","0.1454","0","0","0.0072","0","0","0","0","0","0","0","0","0","0","0","0","0","0","0","0","0","0","0","0","0","0","0","0","0","0","0","0","0","0","0","0","0","0","0","0","0","0","0"
"201","Jaylin Noel","HST","wr","6","@TEN","5.2","0","0","0","0","0","0","0.8016","4.539","0.0453","2.799","1.8261","19.9972","0.1049","0.0305","0.0156","0.0069","52.0492","0.026","0","0","0","0","0","0","0","0","0","0","0","0","0","0","0","0","0","0","0","0","0","0","0","0","0","0","0","0","0","0","0","0","0","0","0","0","0"
"202","Darnell Washington","PIT","te","5","CIN","4.7","0","0","0","0","0","0","0","0","0","2.6214","1.916","17.7286","0.1663","0","0","0.0076","0","0","0","0","0","0","0","0","0","0","0","0","0","0","0","0","0","0","0","0","0","0","0","0","0","0","0","0","0","0","0","0","0","0","0","0","0","0","0"
"203","Jaleel McLaughlin","DEN","rb","12","KC","3.4","0","0","0","0","0","0","2.428","10.482","0.0654","1.2191","1.0506","6.2141","0.041","0.0442","0.0207","0.0062","0","0","0","0","0","0","0","0","0","0","0","0","0","0","0","0","0","0","0","0","0","0","0","0","0","0","0","0","0","0","0","0","0","0","0","0","0","0","0"
"204","Pat Bryant","DEN","wr","12","KC","5.1","0","0","0","0","0","0","0","0","0","3.1195","1.9522","22.3506","0.1503","0","0","0.0077","0","0","0","0","0","0","0","0","0","0","0","0","0","0","0","0","0","0","0","0","0","0","0","0","0","0","0","0","0","0","0","0","0","0","0","0","0","0","0"
"205","Michael Carter","ARZ","rb","8","SF","3.3","0","0","0","0","0","0","3.9147","16.1501","0.1051","0.7073","0.5602","3.9865","0.016","0.059","0.0266","0.0062","0","0","0","0","0","0","0","0","0","0","0","0","0","0","0","0","0","0","0","0","0","0","0","0","0","0","0","0","0","0","0","0","0","0","0","0","0","0","0"
"206","Chris Moore","WAS","wr","12","@MIA","5","0","0","0","0","0","0","0","0","0","2.8426","1.7757","23.2681","0.1406","0","0","0.0092","0","0","0","0","0","0","0","0","0","0","0","0","0","0","0","0","0","0","0","0","0","0","0","0","0","0","0","0","0","0","0","0","0","0","0","0","0","0","0"
"207","Kendrick Bourne","SF","wr","14","@ARZ","5","0","0","0","0","0","0","0","0","0","2.7642","1.9766","23.577","0.1108","0","0","0.0074","0","0","0","0","0","0","0","0","0","0","0","0","0","0","0","0","0","0","0","0","0","0","0","0","0","0","0","0","0","0","0","0","0","0","0","0","0","0","0"
"208","Dyami Brown","JAX","wr","8","LAC","5","0","0","0","0","0","0","0","0","0","3.0682","1.8888","22.5441","0.1352","0","0","0.0072","0","0","0","0","0","0","0","0","0","0","0","0","0","0","0","0","0","0","0","0","0","0","0","0","0","0","0","0","0","0","0","0","0","0","0","0","0","0","0"
"209","Elijah Arroyo","SEA","te","8","@LA","4.5","0","0","0","0","0","0","0","0","0","2.4694","1.8111","17.9477","0.144","0","0","0.0073","0","0","0","0","0","0","0","0","0","0","0","0","0","0","0","0","0","0","0","0","0","0","0","0","0","0","0","0","0","0","0","0","0","0","0","0","0","0","0"
"210","Tylan Wallace","BLT","wr","7","@CLV","4.9","0","0","0","0","0","0","0","0","0","2.5994","1.8107","21.8785","0.1446","0","0","0.0099","0","0","0","0","0","0","0","0","0","0","0","0","0","0","0","0","0","0","0","0","0","0","0","0","0","0","0","0","0","0","0","0","0","0","0","0","0","0","0"
"211","Tanner Hudson","CIN","te","10","@PIT","4.4","0","0","0","0","0","0","0","0","0","2.7387","1.9652","17.5036","0.116","0","0","0.006","0","0","0","0","0","0","0","0","0","0","0","0","0","0","0","0","0","0","0","0","0","0","0","0","0","0","0","0","0","0","0","0","0","0","0","0","0","0","0"
"212","Quintin Morris","JAX","te","8","LAC","4.3","0","0","0","0","0","0","0","0","0","2.5876","1.8564","16.3782","0.1344","0","0","0.0061","0","0","0","0","0","0","0","0","0","0","0","0","0","0","0","0","0","0","0","0","0","0","0","0","0","0","0","0","0","0","0","0","0","0","0","0","0","0","0"
"213","Jalin Hyatt","NYG","wr","14","GB","4.7","0","0","0","0","0","0","0","0","0","2.9497","1.6341","23.0851","0.1174","0","0","0.0069","0","0","0","0","0","0","0","0","0","0","0","0","0","0","0","0","0","0","0","0","0","0","0","0","0","0","0","0","0","0","0","0","0","0","0","0","0","0","0"
"214","Davis Mills","HST","qb","6","@TEN","13.2","20.4796","30.7709","207.2671","1.0639","0.7733","1.7977","2.218","8.9602","0.0588","0","0","0","0","0","0","0.0689","0","0","0","0","0","0","0","0","0","0","0","0","0","0","0","0","0","0","0","0","0","0","0","0","0","0","0","0","0","0","0","0","0","0","0","0","0","0","0"
"215","Tank Bigsby","PHI","rb","9","DET","2.8","0","0","0","0","0","0","2.5095","10.8915","0.0902","0.7897","0.6612","4.4258","0.0203","0.0411","0.0189","0.006","36.2972","0.0093","0","0","0","0","0","0","0","0","0","0","0","0","0","0","0","0","0","0","0","0","0","0","0","0","0","0","0","0","0","0","0","0","0","0","0","0","0"
"216","Kalif Raymond","DET","wr","8","@PHI","4.5","0","0","0","0","0","0","0.2453","1.5207","0.0112","2.6617","2.0407","16.1998","0.1001","0.0204","0.0109","0.0086","62.6836","0.0267","0","0","0","0","0","0","0","0","0","0","0","0","0","0","0","0","0","0","0","0","0","0","0","0","0","0","0","0","0","0","0","0","0","0","0","0","0"
"217","Nick Westbrook-Ikhine","MIA","wr","12","WAS","4.5","0","0","0","0","0","0","0","0","0","2.4656","1.5918","18.0887","0.1774","0","0","0.0074","0","0","0","0","0","0","0","0","0","0","0","0","0","0","0","0","0","0","0","0","0","0","0","0","0","0","0","0","0","0","0","0","0","0","0","0","0","0","0"
"218","Xavier Hutchinson","HST","wr","6","@TEN","4.5","0","0","0","0","0","0","0","0","0","2.991","1.8464","18.927","0.1176","0","0","0.0066","0","0","0","0","0","0","0","0","0","0","0","0","0","0","0","0","0","0","0","0","0","0","0","0","0","0","0","0","0","0","0","0","0","0","0","0","0","0","0"
"219","Gunnar Helm","TEN","te","10","HST","4","0","0","0","0","0","0","0","0","0","2.6531","1.8509","15.0656","0.1067","0","0","0.0048","0","0","0","0","0","0","0","0","0","0","0","0","0","0","0","0","0","0","0","0","0","0","0","0","0","0","0","0","0","0","0","0","0","0","0","0","0","0","0"
"220","Chris Brooks","GB","rb","5","@NYG","2.7","0","0","0","0","0","0","1.4194","6.8947","0.0461","1.1085","0.926","6.3264","0.0342","0.0292","0.014","0.0053","0","0","0","0","0","0","0","0","0","0","0","0","0","0","0","0","0","0","0","0","0","0","0","0","0","0","0","0","0","0","0","0","0","0","0","0","0","0","0"
"221","Kyle Juszczyk","SF","rb","14","@ARZ","2.6","0","0","0","0","0","0","0.996","4.0511","0.0286","1.2403","0.9793","8.1417","0.0451","0.024","0.0118","0.0045","0","0","0","0","0","0","0","0","0","0","0","0","0","0","0","0","0","0","0","0","0","0","0","0","0","0","0","0","0","0","0","0","0","0","0","0","0","0","0"
"222","KaVontae Turpin","DAL","wr","10","@LV","4.3","0","0","0","0","0","0","0.947","5.6688","0.0178","2.0678","1.4452","15.4669","0.1083","0.0278","0.0139","0.007","76.2431","0.0289","0","0","0","0","0","0","0","0","0","0","0","0","0","0","0","0","0","0","0","0","0","0","0","0","0","0","0","0","0","0","0","0","0","0","0","0","0"
"223","Dontayvion Wicks","GB","wr","5","@NYG","4.3","0","0","0","0","0","0","0","0","0","2.502","1.5817","19.7","0.1269","0","0","0.0082","0","0","0","0","0","0","0","0","0","0","0","0","0","0","0","0","0","0","0","0","0","0","0","0","0","0","0","0","0","0","0","0","0","0","0","0","0","0","0"
"224","Roman Wilson","PIT","wr","5","CIN","4.3","0","0","0","0","0","0","0","0","0","2.4026","1.5586","19.0008","0.1333","0","0","0.0069","0","0","0","0","0","0","0","0","0","0","0","0","0","0","0","0","0","0","0","0","0","0","0","0","0","0","0","0","0","0","0","0","0","0","0","0","0","0","0"
"225","Jayden Higgins","HST","wr","6","@TEN","4.3","0","0","0","0","0","0","0","0","0","2.7296","1.655","19.2553","0.1232","0","0","0.006","0","0","0","0","0","0","0","0","0","0","0","0","0","0","0","0","0","0","0","0","0","0","0","0","0","0","0","0","0","0","0","0","0","0","0","0","0","0","0"
"226","Julian Hill","MIA","te","12","WAS","3.8","0","0","0","0","0","0","0","0","0","2.0238","1.5129","15.1136","0.1232","0","0","0.0061","0","0","0","0","0","0","0","0","0","0","0","0","0","0","0","0","0","0","0","0","0","0","0","0","0","0","0","0","0","0","0","0","0","0","0","0","0","0","0"
"227","Ray-Ray McCloud III","NYG","wr","14","GB","4.2","0","0","0","0","0","0","0","0","0","2.4763","1.7753","18.3004","0.0901","0","0","0.0058","0","0","0","0","0","0","0","0","0","0","0","0","0","0","0","0","0","0","0","0","0","0","0","0","0","0","0","0","0","0","0","0","0","0","0","0","0","0","0"
"228","Xavier Weaver","ARZ","wr","8","SF","4.2","0","0","0","0","0","0","0","0","0","2.5816","1.5435","19.8577","0.1148","0","0","0.0063","0","0","0","0","0","0","0","0","0","0","0","0","0","0","0","0","0","0","0","0","0","0","0","0","0","0","0","0","0","0","0","0","0","0","0","0","0","0","0"
"229","Daniel Bellinger","NYG","te","14","GB","3.7","0","0","0","0","0","0","0","0","0","2.0391","1.5002","15.2335","0.1063","0","0","0.0048","0","0","0","0","0","0","0","0","0","0","0","0","0","0","0","0","0","0","0","0","0","0","0","0","0","0","0","0","0","0","0","0","0","0","0","0","0","0","0"
"230","Jordan Whittington","LA","wr","8","SEA","4.1","0","0","0","0","0","0","0","0","0","2.4072","1.7451","18.4886","0.0839","0","0","0.006","32.4152","0.0083","0","0","0","0","0","0","0","0","0","0","0","0","0","0","0","0","0","0","0","0","0","0","0","0","0","0","0","0","0","0","0","0","0","0","0","0","0"
"231","Luther Burden III","CHI","wr","5","@MIN","4.1","0","0","0","0","0","0","0","0","0","2.2881","1.5591","19.223","0.094","0","0","0.0059","8.4306","0.0022","0","0","0","0","0","0","0","0","0","0","0","0","0","0","0","0","0","0","0","0","0","0","0","0","0","0","0","0","0","0","0","0","0","0","0","0","0"
"232","Dillon Gabriel","CLV","qb","9","BLT","12.5","22.1744","33.9297","184.6941","1.0535","0.8143","2.641","2.596","14.4909","0.0284","0","0","0","0","0","0","0.0651","0","0","0","0","0","0","0","0","0","0","0","0","0","0","0","0","0","0","0","0","0","0","0","0","0","0","0","0","0","0","0","0","0","0","0","0","0","0","0"
"233","Tre Harris","LAC","wr","12","@JAX","4","0","0","0","0","0","0","0","0","0","2.3358","1.6452","16.7509","0.1061","0","0","0.0058","0","0","0","0","0","0","0","0","0","0","0","0","0","0","0","0","0","0","0","0","0","0","0","0","0","0","0","0","0","0","0","0","0","0","0","0","0","0","0"
"234","Noah Gray","KC","te","10","@DEN","3.5","0","0","0","0","0","0","0","0","0","2.1336","1.6013","12.4459","0.1131","0","0","0.0056","0","0","0","0","0","0","0","0","0","0","0","0","0","0","0","0","0","0","0","0","0","0","0","0","0","0","0","0","0","0","0","0","0","0","0","0","0","0","0"
"235","Tahj Brooks","CIN","rb","10","@PIT","2.2","0","0","0","0","0","0","2.1719","8.8712","0.0549","0.6956","0.5531","3.7407","0.0176","0.0353","0.0162","0.0049","32.4672","0.0083","0","0","0","0","0","0","0","0","0","0","0","0","0","0","0","0","0","0","0","0","0","0","0","0","0","0","0","0","0","0","0","0","0","0","0","0","0"
"236","Jimmy Horn Jr.","CAR","wr","14","@ATL","3.9","0","0","0","0","0","0","0","0","0","2.4812","1.5822","16.2197","0.1108","0","0","0.0062","0","0","0","0","0","0","0","0","0","0","0","0","0","0","0","0","0","0","0","0","0","0","0","0","0","0","0","0","0","0","0","0","0","0","0","0","0","0","0"
"237","LeQuint Allen","JAX","rb","8","LAC","2.1","0","0","0","0","0","0","1.3015","5.5205","0.0366","0.9241","0.7497","4.7378","0.0236","0.0257","0.0122","0.0037","32.3638","0.0083","0","0","0","0","0","0","0","0","0","0","0","0","0","0","0","0","0","0","0","0","0","0","0","0","0","0","0","0","0","0","0","0","0","0","0","0","0"
"238","Arian Smith","NYJ","wr","9","@NE","3.8","0","0","0","0","0","0","0.1244","0.71","0.0017","2.4968","1.5335","14.6636","0.111","0.0186","0.0101","0.0066","0","0","0","0","0","0","0","0","0","0","0","0","0","0","0","0","0","0","0","0","0","0","0","0","0","0","0","0","0","0","0","0","0","0","0","0","0","0","0"
"239","Ryan Flournoy","DAL","wr","10","@LV","3.8","0","0","0","0","0","0","0","0","0","2.1839","1.5041","16.6541","0.1059","0","0","0.0061","0","0","0","0","0","0","0","0","0","0","0","0","0","0","0","0","0","0","0","0","0","0","0","0","0","0","0","0","0","0","0","0","0","0","0","0","0","0","0"
"240","Will Shipley","PHI","rb","9","DET","1.9","0","0","0","0","0","0","1.0516","4.335","0.0324","0.8179","0.6773","4.6919","0.0233","0.0215","0.0103","0.0042","48.1149","0.0123","0","0","0","0","0","0","0","0","0","0","0","0","0","0","0","0","0","0","0","0","0","0","0","0","0","0","0","0","0","0","0","0","0","0","0","0","0"
"241","Adonai Mitchell","NYJ","wr","9","@NE","3.6","0","0","0","0","0","0","0","0","0","2.3414","1.4135","16.2715","0.0987","0","0","0.0061","0","0","0","0","0","0","0","0","0","0","0","0","0","0","0","0","0","0","0","0","0","0","0","0","0","0","0","0","0","0","0","0","0","0","0","0","0","0","0"
"242","Cole Kmet","CHI","te","5","@MIN","3.1","0","0","0","0","0","0","0","0","0","1.9846","1.402","11.1026","0.102","0","0","0.0051","0","0","0","0","0","0","0","0","0","0","0","0","0","0","0","0","0","0","0","0","0","0","0","0","0","0","0","0","0","0","0","0","0","0","0","0","0","0","0"
"243","Terrance Ferguson","LA","te","8","SEA","3.1","0","0","0","0","0","0","0","0","0","1.7233","1.082","14.7057","0.0932","0","0","0.0043","0","0","0","0","0","0","0","0","0","0","0","0","0","0","0","0","0","0","0","0","0","0","0","0","0","0","0","0","0","0","0","0","0","0","0","0","0","0","0"
"244","Joshua Palmer","BUF","wr","7","TB","3.5","0","0","0","0","0","0","0","0","0","1.9296","1.2878","16.4652","0.0877","0","0","0.0067","0","0","0","0","0","0","0","0","0","0","0","0","0","0","0","0","0","0","0","0","0","0","0","0","0","0","0","0","0","0","0","0","0","0","0","0","0","0","0"
"245","Jack Bech","LV","wr","8","DAL","3.5","0","0","0","0","0","0","0","0","0","2.0266","1.3385","15.5745","0.0958","0","0","0.0049","0","0","0","0","0","0","0","0","0","0","0","0","0","0","0","0","0","0","0","0","0","0","0","0","0","0","0","0","0","0","0","0","0","0","0","0","0","0","0"
"246","John FitzPatrick","GB","te","5","@NYG","3","0","0","0","0","0","0","0","0","0","1.6786","1.2453","11.4842","0.0998","0","0","0.0055","0","0","0","0","0","0","0","0","0","0","0","0","0","0","0","0","0","0","0","0","0","0","0","0","0","0","0","0","0","0","0","0","0","0","0","0","0","0","0"
"247","Davis Allen","LA","te","8","SEA","3","0","0","0","0","0","0","0","0","0","1.6549","1.211","11.2538","0.1087","0","0","0.0041","0","0","0","0","0","0","0","0","0","0","0","0","0","0","0","0","0","0","0","0","0","0","0","0","0","0","0","0","0","0","0","0","0","0","0","0","0","0","0"
"248","Malachi Corley","CLV","wr","9","BLT","3.4","0","0","0","0","0","0","0","0","0","2.3997","1.463","14.456","0.0873","0","0","0.0046","0","0","0","0","0","0","0","0","0","0","0","0","0","0","0","0","0","0","0","0","0","0","0","0","0","0","0","0","0","0","0","0","0","0","0","0","0","0","0"
"249","Allen Lazard","NYJ","wr","9","@NE","3.3","0","0","0","0","0","0","0","0","0","1.9642","1.25","14.0939","0.1066","0","0","0.0051","0","0","0","0","0","0","0","0","0","0","0","0","0","0","0","0","0","0","0","0","0","0","0","0","0","0","0","0","0","0","0","0","0","0","0","0","0","0","0"
"250","Isaac TeSlaa","DET","wr","8","@PHI","3.3","0","0","0","0","0","0","0","0","0","1.9293","1.2064","14.3827","0.1072","0","0","0.006","0","0","0","0","0","0","0","0","0","0","0","0","0","0","0","0","0","0","0","0","0","0","0","0","0","0","0","0","0","0","0","0","0","0","0","0","0","0","0"
"251","Clyde Edwards-Helaire","KC","rb","10","@DEN","1.5","0","0","0","0","0","0","1.0405","3.9642","0.032","0.5976","0.495","3.3793","0.0199","0.0194","0.0091","0.0031","0","0","0","0","0","0","0","0","0","0","0","0","0","0","0","0","0","0","0","0","0","0","0","0","0","0","0","0","0","0","0","0","0","0","0","0","0","0","0"
"252","Isaiah Williams","NYJ","wr","9","@NE","3.2","0","0","0","0","0","0","0","0","0","2.1103","1.4867","11.7378","0.0915","0","0","0.0055","0","0","0","0","0","0","0","0","0","0","0","0","0","0","0","0","0","0","0","0","0","0","0","0","0","0","0","0","0","0","0","0","0","0","0","0","0","0","0"
"253","Jamari Thrash","CLV","wr","9","BLT","3.2","0","0","0","0","0","0","0","0","0","2.2969","1.3969","13.9735","0.0721","0","0","0.0044","0","0","0","0","0","0","0","0","0","0","0","0","0","0","0","0","0","0","0","0","0","0","0","0","0","0","0","0","0","0","0","0","0","0","0","0","0","0","0"
"254","Ross Dwelley","DET","te","8","@PHI","2.7","0","0","0","0","0","0","0","0","0","1.5503","1.1689","10.5686","0.0791","0","0","0.0048","0","0","0","0","0","0","0","0","0","0","0","0","0","0","0","0","0","0","0","0","0","0","0","0","0","0","0","0","0","0","0","0","0","0","0","0","0","0","0"
"255","Kaleb Johnson","PIT","rb","5","CIN","1.4","0","0","0","0","0","0","1.4738","6.7576","0.0367","0.3161","0.2552","1.8296","0.01","0.0227","0.0103","0.0027","0","0","0","0","0","0","0","0","0","0","0","0","0","0","0","0","0","0","0","0","0","0","0","0","0","0","0","0","0","0","0","0","0","0","0","0","0","0","0"
"256","Van Jefferson","TEN","wr","10","HST","3.1","0","0","0","0","0","0","0","0","0","2.1949","1.2332","14.309","0.0716","0","0","0.004","0","0","0","0","0","0","0","0","0","0","0","0","0","0","0","0","0","0","0","0","0","0","0","0","0","0","0","0","0","0","0","0","0","0","0","0","0","0","0"
"257","Tyquan Thornton","KC","wr","10","@DEN","3.1","0","0","0","0","0","0","0","0","0","1.7554","1.0147","15.0607","0.1009","0","0","0.0046","0","0","0","0","0","0","0","0","0","0","0","0","0","0","0","0","0","0","0","0","0","0","0","0","0","0","0","0","0","0","0","0","0","0","0","0","0","0","0"
"258","JuJu Smith-Schuster","KC","wr","10","@DEN","3","0","0","0","0","0","0","0","0","0","1.8552","1.4061","11.481","0.0784","0","0","0.0049","0","0","0","0","0","0","0","0","0","0","0","0","0","0","0","0","0","0","0","0","0","0","0","0","0","0","0","0","0","0","0","0","0","0","0","0","0","0","0"
"259","Elijah Moore","BUF","wr","7","TB","3","0","0","0","0","0","0","0.9903","6.1354","0.058","1.2722","0.7972","9.4142","0.0495","0.0252","0.0124","0.0057","0","0","0","0","0","0","0","0","0","0","0","0","0","0","0","0","0","0","0","0","0","0","0","0","0","0","0","0","0","0","0","0","0","0","0","0","0","0","0"
"260","Cam Ward","TEN","qb","10","HST","11.4","19.341","30.3348","181.1682","0.8036","0.6151","3.5706","3.0665","9.1915","0.0897","0","0","0","0","0","0","0.0565","0","0","0","0","0","0","0","0","0","0","0","0","0","0","0","0","0","0","0","0","0","0","0","0","0","0","0","0","0","0","0","0","0","0","0","0","0","0","0"
"261","Dont'e Thornton Jr.","LV","wr","8","DAL","2.9","0","0","0","0","0","0","0","0","0","1.9269","1.0883","13.2664","0.0856","0","0","0.0047","0","0","0","0","0","0","0","0","0","0","0","0","0","0","0","0","0","0","0","0","0","0","0","0","0","0","0","0","0","0","0","0","0","0","0","0","0","0","0"
"262","Luke Schoonmaker","DAL","te","10","@LV","2.4","0","0","0","0","0","0","0","0","0","1.3604","1.0198","9.2032","0.0761","0","0","0.0038","0","0","0","0","0","0","0","0","0","0","0","0","0","0","0","0","0","0","0","0","0","0","0","0","0","0","0","0","0","0","0","0","0","0","0","0","0","0","0"
"263","Colby Parkinson","LA","te","8","SEA","2.3","0","0","0","0","0","0","0","0","0","1.2365","1.0255","8.3406","0.067","0","0","0.0031","0","0","0","0","0","0","0","0","0","0","0","0","0","0","0","0","0","0","0","0","0","0","0","0","0","0","0","0","0","0","0","0","0","0","0","0","0","0","0"
"264","Tommy Tremble","CAR","te","14","@ATL","2.3","0","0","0","0","0","0","0","0","0","1.3647","1.0025","8.4522","0.0732","0","0","0.0034","0","0","0","0","0","0","0","0","0","0","0","0","0","0","0","0","0","0","0","0","0","0","0","0","0","0","0","0","0","0","0","0","0","0","0","0","0","0","0"
"265","Dare Ogunbowale","HST","rb","6","@TEN","1","0","0","0","0","0","0","0.8016","3.508","0.0192","0.3332","0.2593","1.8096","0.0084","0.0136","0.0063","0.0014","0","0","0","0","0","0","0","0","0","0","0","0","0","0","0","0","0","0","0","0","0","0","0","0","0","0","0","0","0","0","0","0","0","0","0","0","0","0","0"
"266","Hunter Luepke","DAL","rb","10","@LV","1","0","0","0","0","0","0","0.8742","3.6538","0.0299","0.2864","0.2328","1.6129","0.0107","0.0143","0.0066","0.002","0","0","0","0","0","0","0","0","0","0","0","0","0","0","0","0","0","0","0","0","0","0","0","0","0","0","0","0","0","0","0","0","0","0","0","0","0","0","0"
"267","Tim Patrick","JAX","wr","8","LAC","2.7","0","0","0","0","0","0","0","0","0","1.6635","1.0427","12.1293","0.0785","0","0","0.0039","0","0","0","0","0","0","0","0","0","0","0","0","0","0","0","0","0","0","0","0","0","0","0","0","0","0","0","0","0","0","0","0","0","0","0","0","0","0","0"
"268","Jahan Dotson","PHI","wr","9","DET","2.7","0","0","0","0","0","0","0","0","0","1.6599","0.9817","12.199","0.0817","0","0","0.0057","17.1188","0.0147","0","0","0","0","0","0","0","0","0","0","0","0","0","0","0","0","0","0","0","0","0","0","0","0","0","0","0","0","0","0","0","0","0","0","0","0","0"
"269","David Sills V","ATL","wr","5","CAR","2.6","0","0","0","0","0","0","0","0","0","1.6027","0.9646","12.5988","0.0667","0","0","0.004","0","0","0","0","0","0","0","0","0","0","0","0","0","0","0","0","0","0","0","0","0","0","0","0","0","0","0","0","0","0","0","0","0","0","0","0","0","0","0"
"270","John Bates","WAS","te","12","@MIA","2.1","0","0","0","0","0","0","0","0","0","1.1007","0.9602","8.3009","0.058","0","0","0.0036","0","0","0","0","0","0","0","0","0","0","0","0","0","0","0","0","0","0","0","0","0","0","0","0","0","0","0","0","0","0","0","0","0","0","0","0","0","0","0"
"271","Alec Ingold","MIA","rb","12","WAS","0.7","0","0","0","0","0","0","0.1355","0.5603","0.0041","0.3591","0.2877","2.2489","0.0114","0.0049","0.0025","0.0013","0","0","0","0","0","0","0","0","0","0","0","0","0","0","0","0","0","0","0","0","0","0","0","0","0","0","0","0","0","0","0","0","0","0","0","0","0","0","0"
"272","Trevor Etienne","CAR","rb","14","@ATL","0.7","0","0","0","0","0","0","0.0244","0.1058","0.0007","0.4652","0.3718","2.315","0.0132","0.0043","0.0024","0.0012","54.7505","0.0257","0","0","0","0","0","0","0","0","0","0","0","0","0","0","0","0","0","0","0","0","0","0","0","0","0","0","0","0","0","0","0","0","0","0","0","0","0"
"273","Jeremy Ruckert","NYJ","te","9","@NE","1.9","0","0","0","0","0","0","0","0","0","1.1191","0.7948","8.0806","0.0552","0","0","0.0029","0","0","0","0","0","0","0","0","0","0","0","0","0","0","0","0","0","0","0","0","0","0","0","0","0","0","0","0","0","0","0","0","0","0","0","0","0","0","0"
"274","Hayden Rucci","MIA","te","12","WAS","1.9","0","0","0","0","0","0","0","0","0","0.9793","0.7237","7.7075","0.0647","0","0","0.0029","0","0","0","0","0","0","0","0","0","0","0","0","0","0","0","0","0","0","0","0","0","0","0","0","0","0","0","0","0","0","0","0","0","0","0","0","0","0","0"
"275","Adam Prentice","DEN","rb","12","KC","0.6","0","0","0","0","0","0","0.525","2.1786","0.0136","0.1793","0.1423","0.9516","0.0047","0.0086","0.004","0.0011","0","0","0","0","0","0","0","0","0","0","0","0","0","0","0","0","0","0","0","0","0","0","0","0","0","0","0","0","0","0","0","0","0","0","0","0","0","0","0"
"276","Drew Sample","CIN","te","10","@PIT","1.8","0","0","0","0","0","0","0","0","0","1.0434","0.8382","6.7291","0.0461","0","0","0.0023","0","0","0","0","0","0","0","0","0","0","0","0","0","0","0","0","0","0","0","0","0","0","0","0","0","0","0","0","0","0","0","0","0","0","0","0","0","0","0"
"277","Roschon Johnson","CHI","rb","5","@MIN","0.5","0","0","0","0","0","0","0.3719","1.5112","0.0132","0.1615","0.1312","0.8722","0.0037","0.0064","0.003","0.0008","0","0","0","0","0","0","0","0","0","0","0","0","0","0","0","0","0","0","0","0","0","0","0","0","0","0","0","0","0","0","0","0","0","0","0","0","0","0","0"
"278","Tyrell Shavers","BUF","wr","7","TB","2.2","0","0","0","0","0","0","0","0","0","1.261","0.8284","10.1516","0.0561","0","0","0.0044","0","0","0","0","0","0","0","0","0","0","0","0","0","0","0","0","0","0","0","0","0","0","0","0","0","0","0","0","0","0","0","0","0","0","0","0","0","0","0"
"279","Grant Calcaterra","PHI","te","9","DET","1.7","0","0","0","0","0","0","0","0","0","0.9307","0.7074","6.6766","0.0461","0","0","0.0032","0","0","0","0","0","0","0","0","0","0","0","0","0","0","0","0","0","0","0","0","0","0","0","0","0","0","0","0","0","0","0","0","0","0","0","0","0","0","0"
"280","British Brooks","HST","rb","6","@TEN","0.4","0","0","0","0","0","0","0.2672","1.1657","0.0077","0.1666","0.1307","0.9051","0.0043","0.005","0.0024","0.0006","0","0","0","0","0","0","0","0","0","0","0","0","0","0","0","0","0","0","0","0","0","0","0","0","0","0","0","0","0","0","0","0","0","0","0","0","0","0","0"
"281","Jaylen Wright","MIA","rb","12","WAS","0.4","0","0","0","0","0","0","0.2258","0.976","0.006","0.1632","0.134","0.996","0.0062","0.0045","0.0021","0.0008","0","0","0","0","0","0","0","0","0","0","0","0","0","0","0","0","0","0","0","0","0","0","0","0","0","0","0","0","0","0","0","0","0","0","0","0","0","0","0"
"282","Adam Trautman","DEN","te","12","KC","1.6","0","0","0","0","0","0","0","0","0","0.981","0.6793","6.1712","0.0571","0","0","0.0024","0","0","0","0","0","0","0","0","0","0","0","0","0","0","0","0","0","0","0","0","0","0","0","0","0","0","0","0","0","0","0","0","0","0","0","0","0","0","0"
"283","Mitchell Evans","CAR","te","14","@ATL","1.6","0","0","0","0","0","0","0","0","0","0.9304","0.6858","5.7965","0.0568","0","0","0.0023","0","0","0","0","0","0","0","0","0","0","0","0","0","0","0","0","0","0","0","0","0","0","0","0","0","0","0","0","0","0","0","0","0","0","0","0","0","0","0"
"284","Curtis Samuel","BUF","wr","7","TB","2","0","0","0","0","0","0","0","0","0","1.1886","0.8165","8.0625","0.0632","0","0","0.0041","0","0","0","0","0","0","0","0","0","0","0","0","0","0","0","0","0","0","0","0","0","0","0","0","0","0","0","0","0","0","0","0","0","0","0","0","0","0","0"
"285","Jalen Tolbert","DAL","wr","10","@LV","2","0","0","0","0","0","0","0","0","0","1.1098","0.7094","8.5922","0.065","0","0","0.0031","8.6756","0.0022","0","0","0","0","0","0","0","0","0","0","0","0","0","0","0","0","0","0","0","0","0","0","0","0","0","0","0","0","0","0","0","0","0","0","0","0","0"
"286","Julius Chestnut","TEN","rb","10","HST","0.2","0","0","0","0","0","0","0.2209","0.8402","0.0056","0.0305","0.0236","0.1508","0.0006","0.0032","0.0015","0.0002","0","0","0","0","0","0","0","0","0","0","0","0","0","0","0","0","0","0","0","0","0","0","0","0","0","0","0","0","0","0","0","0","0","0","0","0","0","0","0"
"287","Jordan Watkins","SF","wr","14","@ARZ","1.9","0","0","0","0","0","0","0","0","0","1.0631","0.6772","8.8576","0.0499","0","0","0.0028","0","0","0","0","0","0","0","0","0","0","0","0","0","0","0","0","0","0","0","0","0","0","0","0","0","0","0","0","0","0","0","0","0","0","0","0","0","0","0"
"288","Devontez Walker","BLT","wr","7","@CLV","1.9","0","0","0","0","0","0","0","0","0","1.0037","0.6258","8.9085","0.0702","0","0","0.0038","0","0","0","0","0","0","0","0","0","0","0","0","0","0","0","0","0","0","0","0","0","0","0","0","0","0","0","0","0","0","0","0","0","0","0","0","0","0","0"
"289","Kameron Johnson","TB","wr","9","@BUF","1.9","0","0","0","0","0","0","0","0","0","1.1209","0.7197","8.5767","0.0587","0","0","0.0033","66.1215","0.0272","0","0","0","0","0","0","0","0","0","0","0","0","0","0","0","0","0","0","0","0","0","0","0","0","0","0","0","0","0","0","0","0","0","0","0","0","0"
"290","Patrick Ricard","BLT","rb","7","@CLV","0.1","0","0","0","0","0","0","0.077","0.3017","0.0024","0.0257","0.021","0.1556","0.001","0.0013","0.0006","0.0002","0","0","0","0","0","0","0","0","0","0","0","0","0","0","0","0","0","0","0","0","0","0","0","0","0","0","0","0","0","0","0","0","0","0","0","0","0","0","0"
"291","John Metchie III","NYJ","wr","9","@NE","1.8","0","0","0","0","0","0","0","0","0","1.0738","0.7424","7.2926","0.0464","0","0","0.0028","0","0","0","0","0","0","0","0","0","0","0","0","0","0","0","0","0","0","0","0","0","0","0","0","0","0","0","0","0","0","0","0","0","0","0","0","0","0","0"
"292","Jake Tonges","SF","te","14","@ARZ","1.3","0","0","0","0","0","0","0","0","0","0.6733","0.5193","4.986","0.0455","0","0","0.0018","0","0","0","0","0","0","0","0","0","0","0","0","0","0","0","0","0","0","0","0","0","0","0","0","0","0","0","0","0","0","0","0","0","0","0","0","0","0","0"
"293","Ben Sinnott","WAS","te","12","@MIA","1.3","0","0","0","0","0","0","0","0","0","0.7106","0.532","5.2056","0.045","0","0","0.0023","0","0","0","0","0","0","0","0","0","0","0","0","0","0","0","0","0","0","0","0","0","0","0","0","0","0","0","0","0","0","0","0","0","0","0","0","0","0","0"
"294","Kene Nwangwu","NYJ","rb","9","@NE","0","0","0","0","0","0","0","0","0","0","0","0","0","0","0","0","0","52.4413","0.0261","0","0","0","0","0","0","0","0","0","0","0","0","0","0","0","0","0","0","0","0","0","0","0","0","0","0","0","0","0","0","0","0","0","0","0","0","0"
"295","George Holani","SEA","rb","8","@LA","0","0","0","0","0","0","0","0","0","0","0","0","0","0","0","0","0","27.0561","0.0069","0","0","0","0","0","0","0","0","0","0","0","0","0","0","0","0","0","0","0","0","0","0","0","0","0","0","0","0","0","0","0","0","0","0","0","0","0"
"296","Isaac Guerendo","SF","rb","14","@ARZ","0","0","0","0","0","0","0","0","0","0","0","0","0","0","0","0","0","41.2451","0.0105","0","0","0","0","0","0","0","0","0","0","0","0","0","0","0","0","0","0","0","0","0","0","0","0","0","0","0","0","0","0","0","0","0","0","0","0","0"
"297","Jacob Saylors","DET","rb","8","@PHI","0","0","0","0","0","0","0","0","0","0","0","0","0","0","0","0","0","33.956","0.0087","0","0","0","0","0","0","0","0","0","0","0","0","0","0","0","0","0","0","0","0","0","0","0","0","0","0","0","0","0","0","0","0","0","0","0","0","0"
"298","Dylan Laube","LV","rb","8","DAL","0","0","0","0","0","0","0","0","0","0","0","0","0","0","0","0","0","45.975","0.0117","0","0","0","0","0","0","0","0","0","0","0","0","0","0","0","0","0","0","0","0","0","0","0","0","0","0","0","0","0","0","0","0","0","0","0","0","0"
"299","Rasheen Ali","BLT","rb","7","@CLV","0","0","0","0","0","0","0","0","0","0","0","0","0","0","0","0","0","30.1094","0.0077","0","0","0","0","0","0","0","0","0","0","0","0","0","0","0","0","0","0","0","0","0","0","0","0","0","0","0","0","0","0","0","0","0","0","0","0","0"
"300","Xavier Smith","LA","wr","8","SEA","1.6","0","0","0","0","0","0","0","0","0","0.9403","0.6008","7.3416","0.0395","0","0","0.0024","58.8259","0.0246","0","0","0","0","0","0","0","0","0","0","0","0","0","0","0","0","0","0","0","0","0","0","0","0","0","0","0","0","0","0","0","0","0","0","0","0","0"
"301","Josh Oliver","MIN","te","6","CHI","1.1","0","0","0","0","0","0","0","0","0","0.6208","0.4546","4.284","0.0369","0","0","0.0015","0","0","0","0","0","0","0","0","0","0","0","0","0","0","0","0","0","0","0","0","0","0","0","0","0","0","0","0","0","0","0","0","0","0","0","0","0","0","0"
"302","Cade Stover","HST","te","6","@TEN","1","0","0","0","0","0","0","0","0","0","0.6331","0.4653","4.1779","0.0263","0","0","0.0014","0","0","0","0","0","0","0","0","0","0","0","0","0","0","0","0","0","0","0","0","0","0","0","0","0","0","0","0","0","0","0","0","0","0","0","0","0","0","0"
"303","Josh Whyle","GB","te","5","@NYG","0.9","0","0","0","0","0","0","0","0","0","0.5067","0.3719","3.6003","0.0289","0","0","0.0017","0","0","0","0","0","0","0","0","0","0","0","0","0","0","0","0","0","0","0","0","0","0","0","0","0","0","0","0","0","0","0","0","0","0","0","0","0","0","0"
"304","Adam Thielen","MIN","wr","6","CHI","1.3","0","0","0","0","0","0","0","0","0","0.807","0.5485","5.8948","0.033","0","0","0.002","0","0","0","0","0","0","0","0","0","0","0","0","0","0","0","0","0","0","0","0","0","0","0","0","0","0","0","0","0","0","0","0","0","0","0","0","0","0","0"
"305","Demarcus Robinson","SF","wr","14","@ARZ","1.3","0","0","0","0","0","0","0","0","0","0.7088","0.4339","5.9926","0.0409","0","0","0.0019","0","0","0","0","0","0","0","0","0","0","0","0","0","0","0","0","0","0","0","0","0","0","0","0","0","0","0","0","0","0","0","0","0","0","0","0","0","0","0"
"306","Austin Trammell","JAX","wr","8","LAC","1.3","0","0","0","0","0","0","0","0","0","0.8502","0.5167","5.9737","0.0345","0","0","0.002","0","0","0","0","0","0","0","0","0","0","0","0","0","0","0","0","0","0","0","0","0","0","0","0","0","0","0","0","0","0","0","0","0","0","0","0","0","0","0"
"307","Skyy Moore","SF","wr","14","@ARZ","1.3","0","0","0","0","0","0","0","0","0","0.7442","0.4952","6.0384","0.0337","0","0","0.002","47.2203","0.0218","0","0","0","0","0","0","0","0","0","0","0","0","0","0","0","0","0","0","0","0","0","0","0","0","0","0","0","0","0","0","0","0","0","0","0","0","0"
"308","Konata Mumpfield","LA","wr","8","SEA","1.3","0","0","0","0","0","0","0","0","0","0.7522","0.4888","5.5255","0.0352","0","0","0.0019","0","0","0","0","0","0","0","0","0","0","0","0","0","0","0","0","0","0","0","0","0","0","0","0","0","0","0","0","0","0","0","0","0","0","0","0","0","0","0"
"309","Marcedes Lewis","DEN","te","12","KC","0.8","0","0","0","0","0","0","0","0","0","0.4661","0.3384","3.0463","0.0267","0","0","0.0011","0","0","0","0","0","0","0","0","0","0","0","0","0","0","0","0","0","0","0","0","0","0","0","0","0","0","0","0","0","0","0","0","0","0","0","0","0","0","0"
"310","Brevyn Spann-Ford","DAL","te","10","@LV","0.8","0","0","0","0","0","0","0","0","0","0.4296","0.3223","2.9464","0.024","0","0","0.0012","0","0","0","0","0","0","0","0","0","0","0","0","0","0","0","0","0","0","0","0","0","0","0","0","0","0","0","0","0","0","0","0","0","0","0","0","0","0","0"
"311","Tahj Washington","MIA","wr","12","WAS","1.2","0","0","0","0","0","0","0","0","0","0.6528","0.4038","5.5591","0.0375","0","0","0.002","0","0","0","0","0","0","0","0","0","0","0","0","0","0","0","0","0","0","0","0","0","0","0","0","0","0","0","0","0","0","0","0","0","0","0","0","0","0","0"
"312","Chris Manhertz","NYG","te","14","GB","0.7","0","0","0","0","0","0","0","0","0","0.4006","0.2914","2.7221","0.0212","0","0","0.0009","0","0","0","0","0","0","0","0","0","0","0","0","0","0","0","0","0","0","0","0","0","0","0","0","0","0","0","0","0","0","0","0","0","0","0","0","0","0","0"
"313","Luke Farrell","SF","te","14","@ARZ","0.7","0","0","0","0","0","0","0","0","0","0.3544","0.288","2.6313","0.0204","0","0","0.0009","0","0","0","0","0","0","0","0","0","0","0","0","0","0","0","0","0","0","0","0","0","0","0","0","0","0","0","0","0","0","0","0","0","0","0","0","0","0","0"
"314","Andre Baccellia","ARZ","wr","8","SF","1.1","0","0","0","0","0","0","0","0","0","0.7073","0.4411","5.1809","0.0299","0","0","0.0017","0","0","0","0","0","0","0","0","0","0","0","0","0","0","0","0","0","0","0","0","0","0","0","0","0","0","0","0","0","0","0","0","0","0","0","0","0","0","0"
"315","Savion Williams","GB","wr","5","@NYG","1.1","0","0","0","0","0","0","0.4453","2.6359","0.0206","0.4434","0.3314","2.9021","0.0222","0.0096","0.0046","0.002","40.9787","0.0105","0","0","0","0","0","0","0","0","0","0","0","0","0","0","0","0","0","0","0","0","0","0","0","0","0","0","0","0","0","0","0","0","0","0","0","0","0"
"316","Charlie Kolar","BLT","te","7","@CLV","0.6","0","0","0","0","0","0","0","0","0","0.2831","0.2145","2.2052","0.0224","0","0","0.0011","0","0","0","0","0","0","0","0","0","0","0","0","0","0","0","0","0","0","0","0","0","0","0","0","0","0","0","0","0","0","0","0","0","0","0","0","0","0","0"
"317","Ben Skowronek","PIT","wr","5","CIN","1","0","0","0","0","0","0","0","0","0","0.569","0.3809","4.3064","0.0301","0","0","0.0016","0","0","0","0","0","0","0","0","0","0","0","0","0","0","0","0","0","0","0","0","0","0","0","0","0","0","0","0","0","0","0","0","0","0","0","0","0","0","0"
"318","Kylen Granson","PHI","te","9","DET","0.5","0","0","0","0","0","0","0","0","0","0.282","0.2019","2.0008","0.014","0","0","0.001","0","0","0","0","0","0","0","0","0","0","0","0","0","0","0","0","0","0","0","0","0","0","0","0","0","0","0","0","0","0","0","0","0","0","0","0","0","0","0"
"319","David Martin-Robinson","TEN","te","10","HST","0.5","0","0","0","0","0","0","0","0","0","0.3048","0.2174","1.839","0.0123","0","0","0.0006","0","0","0","0","0","0","0","0","0","0","0","0","0","0","0","0","0","0","0","0","0","0","0","0","0","0","0","0","0","0","0","0","0","0","0","0","0","0","0"
"320","Cody White","SEA","wr","8","@LA","0.8","0","0","0","0","0","0","0","0","0","0.4621","0.2978","3.8612","0.0238","0","0","0.0014","0","0","0","0","0","0","0","0","0","0","0","0","0","0","0","0","0","0","0","0","0","0","0","0","0","0","0","0","0","0","0","0","0","0","0","0","0","0","0"
"321","Ian Thomas","LV","te","8","DAL","0.3","0","0","0","0","0","0","0","0","0","0.1661","0.1287","1.1823","0.0088","0","0","0.0004","0","0","0","0","0","0","0","0","0","0","0","0","0","0","0","0","0","0","0","0","0","0","0","0","0","0","0","0","0","0","0","0","0","0","0","0","0","0","0"
"322","Charlie Woerner","ATL","te","5","CAR","0.3","0","0","0","0","0","0","0","0","0","0.167","0.1231","1.1302","0.0081","0","0","0.0004","0","0","0","0","0","0","0","0","0","0","0","0","0","0","0","0","0","0","0","0","0","0","0","0","0","0","0","0","0","0","0","0","0","0","0","0","0","0","0"
"323","Tucker Fisk","LAC","te","12","@JAX","0.3","0","0","0","0","0","0","0","0","0","0.1825","0.1382","1.2355","0.0096","0","0","0.0005","0","0","0","0","0","0","0","0","0","0","0","0","0","0","0","0","0","0","0","0","0","0","0","0","0","0","0","0","0","0","0","0","0","0","0","0","0","0","0"
"324","Blake Whiteheart","CLV","te","9","BLT","0.3","0","0","0","0","0","0","0","0","0","0.1714","0.1161","0.9882","0.0072","0","0","0.0003","0","0","0","0","0","0","0","0","0","0","0","0","0","0","0","0","0","0","0","0","0","0","0","0","0","0","0","0","0","0","0","0","0","0","0","0","0","0","0"
"325","Benjamin Yurosek","MIN","te","6","CHI","0.3","0","0","0","0","0","0","0","0","0","0.1552","0.1116","1.016","0.0069","0","0","0.0004","0","0","0","0","0","0","0","0","0","0","0","0","0","0","0","0","0","0","0","0","0","0","0","0","0","0","0","0","0","0","0","0","0","0","0","0","0","0","0"
"326","D'Wayne Eskridge","MIA","wr","12","WAS","0.6","0","0","0","0","0","0","0","0","0","0.3264","0.2124","2.6199","0.0178","0","0","0.001","43.2966","0.0111","0","0","0","0","0","0","0","0","0","0","0","0","0","0","0","0","0","0","0","0","0","0","0","0","0","0","0","0","0","0","0","0","0","0","0","0","0"
"327","Cedrick Wilson Jr.","MIA","wr","12","WAS","0.6","0","0","0","0","0","0","0","0","0","0.3264","0.221","2.6354","0.0186","0","0","0.001","0","0","0","0","0","0","0","0","0","0","0","0","0","0","0","0","0","0","0","0","0","0","0","0","0","0","0","0","0","0","0","0","0","0","0","0","0","0","0"
"328","Malik Heath","GB","wr","5","@NYG","0.6","0","0","0","0","0","0","0","0","0","0.3167","0.2185","2.3689","0.0168","0","0","0.001","0","0","0","0","0","0","0","0","0","0","0","0","0","0","0","0","0","0","0","0","0","0","0","0","0","0","0","0","0","0","0","0","0","0","0","0","0","0","0"
"329","Devin Duvernay","CHI","wr","5","@MIN","0.5","0","0","0","0","0","0","0","0","0","0.3229","0.2071","2.333","0.0147","0","0","0.0008","75.7207","0.0295","0","0","0","0","0","0","0","0","0","0","0","0","0","0","0","0","0","0","0","0","0","0","0","0","0","0","0","0","0","0","0","0","0","0","0","0","0"
"330","Jamal Agnew","ATL","wr","5","CAR","0","0","0","0","0","0","0","0","0","0","0","0","0","0","0","0","0","51.8786","0.0243","0","0","0","0","0","0","0","0","0","0","0","0","0","0","0","0","0","0","0","0","0","0","0","0","0","0","0","0","0","0","0","0","0","0","0","0","0"
"331","Charlie Jones","CIN","wr","10","@PIT","0","0","0","0","0","0","0","0","0","0","0","0","0","0","0","0","0","59.6754","0.0253","0","0","0","0","0","0","0","0","0","0","0","0","0","0","0","0","0","0","0","0","0","0","0","0","0","0","0","0","0","0","0","0","0","0","0","0","0"
"332","Bo Melton","GB","wr","5","@NYG","0","0","0","0","0","0","0","0","0","0","0","0","0","0","0","0","0","30.9138","0.0079","0","0","0","0","0","0","0","0","0","0","0","0","0","0","0","0","0","0","0","0","0","0","0","0","0","0","0","0","0","0","0","0","0","0","0","0","0"
"333","Derius Davis","LAC","wr","12","@JAX","0","0","0","0","0","0","0","0","0","0","0","0","0","0","0","0","0","59.2836","0.0259","0","0","0","0","0","0","0","0","0","0","0","0","0","0","0","0","0","0","0","0","0","0","0","0","0","0","0","0","0","0","0","0","0","0","0","0","0"
"334","Nikko Remigio","KC","wr","10","@DEN","0","0","0","0","0","0","0","0","0","0","0","0","0","0","0","0","0","59.2211","0.0255","0","0","0","0","0","0","0","0","0","0","0","0","0","0","0","0","0","0","0","0","0","0","0","0","0","0","0","0","0","0","0","0","0","0","0","0","0"
"335","Myles Price","MIN","wr","6","CHI","0","0","0","0","0","0","0","0","0","0","0","0","0","0","0","0","0","67.542","0.027","0","0","0","0","0","0","0","0","0","0","0","0","0","0","0","0","0","0","0","0","0","0","0","0","0","0","0","0","0","0","0","0","0","0","0","0","0"
"336","Ke'Shawn Williams","PIT","wr","5","CIN","0","0","0","0","0","0","0","0","0","0","0","0","0","0","0","0","0","30.6793","0.0078","0","0","0","0","0","0","0","0","0","0","0","0","0","0","0","0","0","0","0","0","0","0","0","0","0","0","0","0","0","0","0","0","0","0","0","0","0"
"337","LaJohntay Wester","BLT","wr","7","@CLV","0","0","0","0","0","0","0","0","0","0","0","0","0","0","0","0","0","18.4986","0.0159","0","0","0","0","0","0","0","0","0","0","0","0","0","0","0","0","0","0","0","0","0","0","0","0","0","0","0","0","0","0","0","0","0","0","0","0","0"
"338","Tai Felton","MIN","wr","6","CHI","0","0","0","0","0","0","0","0","0","0","0","0","0","0","0","0","0","19.6883","0.005","0","0","0","0","0","0","0","0","0","0","0","0","0","0","0","0","0","0","0","0","0","0","0","0","0","0","0","0","0","0","0","0","0","0","0","0","0"
"339","Russell Wilson","NYG","qb","14","GB","1.8","2.4262","3.3282","23.4921","0.1676","0.0631","0.3301","0.3","1.8771","0.0023","0","0","0","0","0","0","0.0086","0","0","0","0","0","0","0","0","0","0","0","0","0","0","0","0","0","0","0","0","0","0","0","0","0","0","0","0","0","0","0","0","0","0","0","0","0","0","0"
"340","Tyrod Taylor","NYJ","qb","9","@NE","1.3","1.7639","2.5153","16.6363","0.1003","0.0581","0.2488","0.3487","2.2957","0.0011","0","0","0","0","0","0","0.0055","0","0","0","0","0","0","0","0","0","0","0","0","0","0","0","0","0","0","0","0","0","0","0","0","0","0","0","0","0","0","0","0","0","0","0","0","0","0","0"
"341","Kirk Cousins","ATL","qb","5","CAR","1.3","1.8672","2.638","19.5743","0.1264","0.0572","0.1251","0.096","0.3443","0.0025","0","0","0","0","0","0","0.0066","0","0","0","0","0","0","0","0","0","0","0","0","0","0","0","0","0","0","0","0","0","0","0","0","0","0","0","0","0","0","0","0","0","0","0","0","0","0","0"
"342","Jimmy Garoppolo","LA","qb","8","SEA","1.3","1.9554","2.7484","19.9929","0.1128","0.07","0.1996","0.1218","0.5555","0.0018","0","0","0","0","0","0","0.0076","0","0","0","0","0","0","0","0","0","0","0","0","0","0","0","0","0","0","0","0","0","0","0","0","0","0","0","0","0","0","0","0","0","0","0","0","0","0","0"
"343","Nick Mullens","JAX","qb","8","LAC","1.2","2.0854","2.983","20.4414","0.1028","0.0902","0.2228","0.1328","0.7129","0.002","0","0","0","0","0","0","0.007","0","0","0","0","0","0","0","0","0","0","0","0","0","0","0","0","0","0","0","0","0","0","0","0","0","0","0","0","0","0","0","0","0","0","0","0","0","0","0"
"344","Mac Jones","SF","qb","14","@ARZ","1.2","2.0391","2.7904","18.9209","0.1109","0.0685","0.166","0.163","0.8298","0.0018","0","0","0","0","0","0","0.0076","0","0","0","0","0","0","0","0","0","0","0","0","0","0","0","0","0","0","0","0","0","0","0","0","0","0","0","0","0","0","0","0","0","0","0","0","0","0","0"
"345","Kenny Pickett","LV","qb","8","DAL","1.2","1.705","2.435","17.205","0.1158","0.0471","0.2167","0.1761","0.994","0.0023","0","0","0","0","0","0","0.0065","0","0","0","0","0","0","0","0","0","0","0","0","0","0","0","0","0","0","0","0","0","0","0","0","0","0","0","0","0","0","0","0","0","0","0","0","0","0","0"
"346","Zach Wilson","MIA","qb","12","WAS","1.1","1.6192","2.3315","16.1714","0.1016","0.0538","0.2417","0.1749","1.01","0.002","0","0","0","0","0","0","0.0079","0","0","0","0","0","0","0","0","0","0","0","0","0","0","0","0","0","0","0","0","0","0","0","0","0","0","0","0","0","0","0","0","0","0","0","0","0","0","0"
"347","Graham Mertz","HST","qb","6","@TEN","1.1","1.7006","2.5504","17.2373","0.0894","0.0679","0.1868","0.1849","1.1579","0.003","0","0","0","0","0","0","0.006","0","0","0","0","0","0","0","0","0","0","0","0","0","0","0","0","0","0","0","0","0","0","0","0","0","0","0","0","0","0","0","0","0","0","0","0","0","0","0"
"348","Kyle Allen","DET","qb","8","@PHI","1","1.8894","2.5967","16.5663","0.0839","0.0709","0.2604","0.1715","0.9331","0.002","0","0","0","0","0","0","0.0086","0","0","0","0","0","0","0","0","0","0","0","0","0","0","0","0","0","0","0","0","0","0","0","0","0","0","0","0","0","0","0","0","0","0","0","0","0","0","0"
"349","Mason Rudolph","PIT","qb","5","CIN","1","1.3119","1.8325","12.7229","0.0838","0.0452","0.1002","0.329","0.8602","0.0102","0","0","0","0","0","0","0.0065","0","0","0","0","0","0","0","0","0","0","0","0","0","0","0","0","0","0","0","0","0","0","0","0","0","0","0","0","0","0","0","0","0","0","0","0","0","0","0"
"350","Malik Willis","GB","qb","5","@NYG","1","1.3201","1.9671","13.3337","0.0673","0.0448","0.2495","0.2594","1.6843","0.0031","0","0","0","0","0","0","0.0083","0","0","0","0","0","0","0","0","0","0","0","0","0","0","0","0","0","0","0","0","0","0","0","0","0","0","0","0","0","0","0","0","0","0","0","0","0","0","0"
"351","Mitch Trubisky","BUF","qb","7","TB","0.8","1.3121","1.8904","12.3636","0.0626","0.05","0.1186","0.155","0.7743","0.0028","0","0","0","0","0","0","0.0066","0","0","0","0","0","0","0","0","0","0","0","0","0","0","0","0","0","0","0","0","0","0","0","0","0","0","0","0","0","0","0","0","0","0","0","0","0","0","0"
"352","Kedon Slovis","ARZ","qb","8","SF","0.8","1.2273","1.7352","11.2693","0.0629","0.0454","0.1439","0.1368","0.8293","0.0023","0","0","0","0","0","0","0.0043","0","0","0","0","0","0","0","0","0","0","0","0","0","0","0","0","0","0","0","0","0","0","0","0","0","0","0","0","0","0","0","0","0","0","0","0","0","0","0"
"353","Gardner Minshew","KC","qb","10","@DEN","0.5","0.8942","1.2437","8.0893","0.041","0.0283","0.1097","0.106","0.4833","0.0011","0","0","0","0","0","0","0.0035","0","0","0","0","0","0","0","0","0","0","0","0","0","0","0","0","0","0","0","0","0","0","0","0","0","0","0","0","0","0","0","0","0","0","0","0","0","0","0"
"354","Tanner McKee","PHI","qb","9","DET","0.4","0.5628","0.8058","5.3098","0.0311","0.0197","0.0645","0.0727","0.2413","0.0015","0","0","0","0","0","0","0.0026","0","0","0","0","0","0","0","0","0","0","0","0","0","0","0","0","0","0","0","0","0","0","0","0","0","0","0","0","0","0","0","0","0","0","0","0","0","0","0"
"355","Teddy Bridgewater","TB","qb","9","@BUF","0.3","0.481","0.684","4.7852","0.0263","0.0168","0.0573","0.0795","0.3388","0.0023","0","0","0","0","0","0","0.002","0","0","0","0","0","0","0","0","0","0","0","0","0","0","0","0","0","0","0","0","0","0","0","0","0","0","0","0","0","0","0","0","0","0","0","0","0","0","0"
"356","Jake Browning","CIN","qb","10","@PIT","0.3","0.5052","0.703","4.6799","0.0249","0.0203","0.0704","0.0715","0.3008","0.0023","0","0","0","0","0","0","0.0017","0","0","0","0","0","0","0","0","0","0","0","0","0","0","0","0","0","0","0","0","0","0","0","0","0","0","0","0","0","0","0","0","0","0","0","0","0","0","0"
"357","Trey Lance","LAC","qb","12","@JAX","0.3","0.4451","0.6506","4.2762","0.0233","0.0164","0.0554","0.1015","0.5214","0.0013","0","0","0","0","0","0","0.0019","0","0","0","0","0","0","0","0","0","0","0","0","0","0","0","0","0","0","0","0","0","0","0","0","0","0","0","0","0","0","0","0","0","0","0","0","0","0","0"
"358","Andy Dalton","CAR","qb","14","@ATL","0.2","0.2329","0.342","2.3312","0.0153","0.0087","0.0234","0.0601","0.1192","0.002","0","0","0","0","0","0","0.0008","0","0","0","0","0","0","0","0","0","0","0","0","0","0","0","0","0","0","0","0","0","0","0","0","0","0","0","0","0","0","0","0","0","0","0","0","0","0","0"
"359","Joshua Dobbs","NE","qb","14","NYJ","0.2","0.2089","0.3","1.9291","0.0106","0.0081","0.0223","0.0748","0.2768","0.0028","0","0","0","0","0","0","0.0009","0","0","0","0","0","0","0","0","0","0","0","0","0","0","0","0","0","0","0","0","0","0","0","0","0","0","0","0","0","0","0","0","0","0","0","0","0","0","0"
"360","Jarrett Stidham","DEN","qb","12","KC","0.2","0.2319","0.3424","2.2617","0.0117","0.0087","0.0281","0.0695","0.2485","0.0017","0","0","0","0","0","0","0.0009","0","0","0","0","0","0","0","0","0","0","0","0","0","0","0","0","0","0","0","0","0","0","0","0","0","0","0","0","0","0","0","0","0","0","0","0","0","0","0"
"361","Joe Milton III","DAL","qb","10","@LV","0.2","0.2448","0.339","2.3288","0.0143","0.0085","0.0232","0.0658","0.234","0.002","0","0","0","0","0","0","0.0011","0","0","0","0","0","0","0","0","0","0","0","0","0","0","0","0","0","0","0","0","0","0","0","0","0","0","0","0","0","0","0","0","0","0","0","0","0","0","0"
"362","Max Brosmer","MIN","qb","6","CHI","0.2","0.2146","0.3216","2.1816","0.0119","0.0083","0.0247","0.0594","0.2221","0.0018","0","0","0","0","0","0","0.0008","0","0","0","0","0","0","0","0","0","0","0","0","0","0","0","0","0","0","0","0","0","0","0","0","0","0","0","0","0","0","0","0","0","0","0","0","0","0","0"
"363","Shedeur Sanders","CLV","qb","9","BLT","0.2","0.2419","0.3516","2.2683","0.0115","0.0093","0.0258","0.0643","0.3003","0.002","0","0","0","0","0","0","0.0007","0","0","0","0","0","0","0","0","0","0","0","0","0","0","0","0","0","0","0","0","0","0","0","0","0","0","0","0","0","0","0","0","0","0","0","0","0","0","0"
"364","Josh Johnson","WAS","qb","12","@MIA","0.1","0.2119","0.312","2.0955","0.0121","0.0079","0.0214","0","0","0","0","0","0","0","0","0","0.0009","0","0","0","0","0","0","0","0","0","0","0","0","0","0","0","0","0","0","0","0","0","0","0","0","0","0","0","0","0","0","0","0","0","0","0","0","0","0","0"
"365","Brandon Allen","TEN","qb","10","HST","0.1","0.0957","0.1493","0.94","0.0048","0.0041","0.0142","0.0511","0.1233","0.0018","0","0","0","0","0","0","0.0003","0","0","0","0","0","0","0","0","0","0","0","0","0","0","0","0","0","0","0","0","0","0","0","0","0","0","0","0","0","0","0","0","0","0","0","0","0","0","0"
"366","Drew Lock","SEA","qb","8","@LA","0.1","0.2115","0.3063","1.9761","0.0101","0.0084","0.0257","0.0612","0.14","0.0012","0","0","0","0","0","0","0.001","0","0","0","0","0","0","0","0","0","0","0","0","0","0","0","0","0","0","0","0","0","0","0","0","0","0","0","0","0","0","0","0","0","0","0","0","0","0","0"
"367","Tyler Huntley","BLT","qb","7","@CLV","0.1","0.1744","0.2479","1.628","0.0089","0.0059","0.0272","0.0781","0.3302","0.0017","0","0","0","0","0","0","0.001","0","0","0","0","0","0","0","0","0","0","0","0","0","0","0","0","0","0","0","0","0","0","0","0","0","0","0","0","0","0","0","0","0","0","0","0","0","0","0"
"368","Tyson Bagent","CHI","qb","5","@MIN","0.1","0.2054","0.3054","2.0288","0.0105","0.0085","0.0233","0","0","0","0","0","0","0","0","0","0.0008","0","0","0","0","0","0","0","0","0","0","0","0","0","0","0","0","0","0","0","0","0","0","0","0","0","0","0","0","0","0","0","0","0","0","0","0","0","0","0"
"369","Brandon Aubrey","DAL","k","10","@LV","9.6","0","0","0","0","0","0","0","0","0","0","0","0","0","0","0","0","0","0","0","0","0.448","0.4517","0.565","0.5818","0.5218","0.5786","0.3741","0.4473","2.6127","2.6723","0","0","0","0","0","0","0","0","0","0","0","0","0","0","0","0","0","0","0","0","0","0","0","0","0"
"370","Matt Prater","BUF","k","7","TB","9.3","0","0","0","0","0","0","0","0","0","0","0","0","0","0","0","0","0","0","0","0","0.4442","0.4517","0.5486","0.5818","0.4737","0.5786","0.3199","0.4473","2.7869","2.9162","0","0","0","0","0","0","0","0","0","0","0","0","0","0","0","0","0","0","0","0","0","0","0","0","0"
"371","Chris Boswell","PIT","k","5","CIN","9.3","0","0","0","0","0","0","0","0","0","0","0","0","0","0","0","0","0","0","0","0","0.4473","0.4517","0.5618","0.5818","0.512","0.5786","0.3624","0.4473","2.3725","2.4372","0","0","0","0","0","0","0","0","0","0","0","0","0","0","0","0","0","0","0","0","0","0","0","0","0"
"372","Cameron Dicker","LAC","k","12","@JAX","9.3","0","0","0","0","0","0","0","0","0","0","0","0","0","0","0","0","0","0","0","0","0.4473","0.4517","0.562","0.5818","0.5126","0.5786","0.3632","0.4472","2.3625","2.4262","0","0","0","0","0","0","0","0","0","0","0","0","0","0","0","0","0","0","0","0","0","0","0","0","0"
"373","Eddy Pineiro","SF","k","14","@ARZ","9.1","0","0","0","0","0","0","0","0","0","0","0","0","0","0","0","0","0","0","0","0","0.4458","0.4517","0.5556","0.5818","0.4933","0.5786","0.3413","0.4472","2.4332","2.5212","0","0","0","0","0","0","0","0","0","0","0","0","0","0","0","0","0","0","0","0","0","0","0","0","0"
"374","Harrison Butker","KC","k","10","@DEN","9","0","0","0","0","0","0","0","0","0","0","0","0","0","0","0","0","0","0","0","0","0.4442","0.4517","0.5487","0.5818","0.4739","0.5786","0.3201","0.4473","2.5256","2.6425","0","0","0","0","0","0","0","0","0","0","0","0","0","0","0","0","0","0","0","0","0","0","0","0","0"
"375","Brandon McManus","GB","k","5","@NYG","8.9","0","0","0","0","0","0","0","0","0","0","0","0","0","0","0","0","0","0","0","0","0.4426","0.4517","0.542","0.5818","0.456","0.5786","0.3015","0.4473","2.6153","2.7626","0","0","0","0","0","0","0","0","0","0","0","0","0","0","0","0","0","0","0","0","0","0","0","0","0"
"376","Jake Elliott","PHI","k","9","DET","8.9","0","0","0","0","0","0","0","0","0","0","0","0","0","0","0","0","0","0","0","0","0.4439","0.4515","0.5479","0.5815","0.4723","0.5783","0.3186","0.447","2.4787","2.5951","0","0","0","0","0","0","0","0","0","0","0","0","0","0","0","0","0","0","0","0","0","0","0","0","0"
"377","Jake Bates","DET","k","8","@PHI","8.9","0","0","0","0","0","0","0","0","0","0","0","0","0","0","0","0","0","0","0","0","0.4276","0.4348","0.5281","0.5601","0.4561","0.557","0.3081","0.4305","2.7177","2.8435","0","0","0","0","0","0","0","0","0","0","0","0","0","0","0","0","0","0","0","0","0","0","0","0","0"
"378","Tyler Loop","BLT","k","7","@CLV","8.9","0","0","0","0","0","0","0","0","0","0","0","0","0","0","0","0","0","0","0","0","0.444","0.4517","0.5475","0.5818","0.4707","0.5786","0.3167","0.4473","2.4937","2.6135","0","0","0","0","0","0","0","0","0","0","0","0","0","0","0","0","0","0","0","0","0","0","0","0","0"
"379","Riley Patterson","MIA","k","12","WAS","8.8","0","0","0","0","0","0","0","0","0","0","0","0","0","0","0","0","0","0","0","0","0.4424","0.4515","0.5417","0.5815","0.4558","0.5783","0.3014","0.447","2.4719","2.611","0","0","0","0","0","0","0","0","0","0","0","0","0","0","0","0","0","0","0","0","0","0","0","0","0"
"380","Chase McLaughlin","TB","k","9","@BUF","8.7","0","0","0","0","0","0","0","0","0","0","0","0","0","0","0","0","0","0","0","0","0.4263","0.433","0.5282","0.5577","0.4605","0.5546","0.3135","0.4287","2.4677","2.5733","0","0","0","0","0","0","0","0","0","0","0","0","0","0","0","0","0","0","0","0","0","0","0","0","0"
"381","Harrison Mevis","LA","k","8","SEA","8.7","0","0","0","0","0","0","0","0","0","0","0","0","0","0","0","0","0","0","0","0","0.4432","0.4517","0.5444","0.5818","0.4623","0.5786","0.308","0.4472","2.3931","2.5192","0","0","0","0","0","0","0","0","0","0","0","0","0","0","0","0","0","0","0","0","0","0","0","0","0"
"382","Andres Borregales","NE","k","14","NYJ","8.7","0","0","0","0","0","0","0","0","0","0","0","0","0","0","0","0","0","0","0","0","0.4439","0.4517","0.5471","0.5818","0.4696","0.5786","0.3156","0.4473","2.2224","2.3304","0","0","0","0","0","0","0","0","0","0","0","0","0","0","0","0","0","0","0","0","0","0","0","0","0"
"383","Jason Myers","SEA","k","8","@LA","8.5","0","0","0","0","0","0","0","0","0","0","0","0","0","0","0","0","0","0","0","0","0.4274","0.4346","0.5278","0.5598","0.4556","0.5567","0.3076","0.4303","2.3237","2.4317","0","0","0","0","0","0","0","0","0","0","0","0","0","0","0","0","0","0","0","0","0","0","0","0","0"
"384","Matt Gay","WAS","k","12","@MIA","8.5","0","0","0","0","0","0","0","0","0","0","0","0","0","0","0","0","0","0","0","0","0.4269","0.4348","0.525","0.5601","0.4477","0.557","0.2992","0.4305","2.3383","2.4579","0","0","0","0","0","0","0","0","0","0","0","0","0","0","0","0","0","0","0","0","0","0","0","0","0"
"385","Cam Little","JAX","k","8","LAC","8.5","0","0","0","0","0","0","0","0","0","0","0","0","0","0","0","0","0","0","0","0","0.4275","0.4346","0.5285","0.5598","0.4576","0.5567","0.3098","0.4303","2.2123","2.3126","0","0","0","0","0","0","0","0","0","0","0","0","0","0","0","0","0","0","0","0","0","0","0","0","0"
"386","Cairo Santos","CHI","k","5","@MIN","8.4","0","0","0","0","0","0","0","0","0","0","0","0","0","0","0","0","0","0","0","0","0.4276","0.4348","0.528","0.5601","0.4556","0.557","0.3076","0.4305","2.1358","2.2352","0","0","0","0","0","0","0","0","0","0","0","0","0","0","0","0","0","0","0","0","0","0","0","0","0"
"387","Zane Gonzalez","ATL","k","5","CAR","8.4","0","0","0","0","0","0","0","0","0","0","0","0","0","0","0","0","0","0","0","0","0.443","0.4517","0.5433","0.5818","0.4595","0.5786","0.3051","0.4473","2.1144","2.2293","0","0","0","0","0","0","0","0","0","0","0","0","0","0","0","0","0","0","0","0","0","0","0","0","0"
"388","Will Reichard","MIN","k","6","CHI","8.4","0","0","0","0","0","0","0","0","0","0","0","0","0","0","0","0","0","0","0","0","0.444","0.4515","0.5484","0.5815","0.4735","0.5783","0.3198","0.447","1.9778","2.0695","0","0","0","0","0","0","0","0","0","0","0","0","0","0","0","0","0","0","0","0","0","0","0","0","0"
"389","Packers DST","GB","dst","5","@NYG","8.3","0","0","0","0","0","0","0","0","0","0","0","0","0","0","0","0","0","0","0","0","0","0","0","0","0","0","0","0","0","0","3.0466","0.0227","1.0101","0.9843","0.4911","0.1319","102.0617","0.0378","0.0157","0.0481","0.1931","0.2705","0.2463","0.1636","0.0627","0","0","0","0","0","0","0","0","0","0"
"390","Wil Lutz","DEN","k","12","KC","8.3","0","0","0","0","0","0","0","0","0","0","0","0","0","0","0","0","0","0","0","0","0.4258","0.4345","0.5215","0.5597","0.4389","0.5566","0.2903","0.4303","2.2368","2.3624","0","0","0","0","0","0","0","0","0","0","0","0","0","0","0","0","0","0","0","0","0","0","0","0","0"
"391","Daniel Carlson","LV","k","8","DAL","8.3","0","0","0","0","0","0","0","0","0","0","0","0","0","0","0","0","0","0","0","0","0.4271","0.4345","0.5269","0.5597","0.4533","0.5566","0.3052","0.4303","2.0606","2.1589","0","0","0","0","0","0","0","0","0","0","0","0","0","0","0","0","0","0","0","0","0","0","0","0","0"
"392","Matthew Wright","HST","k","6","@TEN","8.3","0","0","0","0","0","0","0","0","0","0","0","0","0","0","0","0","0","0","0","0","0.4436","0.4517","0.5461","0.5818","0.4667","0.5786","0.3126","0.4473","1.8783","1.9727","0","0","0","0","0","0","0","0","0","0","0","0","0","0","0","0","0","0","0","0","0","0","0","0","0"
"393","Evan McPherson","CIN","k","10","@PIT","8.3","0","0","0","0","0","0","0","0","0","0","0","0","0","0","0","0","0","0","0","0","0.4255","0.433","0.5248","0.5577","0.4511","0.5546","0.3035","0.4287","2.1444","2.2475","0","0","0","0","0","0","0","0","0","0","0","0","0","0","0","0","0","0","0","0","0","0","0","0","0"
"394","Chad Ryland","ARZ","k","8","SF","8.2","0","0","0","0","0","0","0","0","0","0","0","0","0","0","0","0","0","0","0","0","0.4258","0.4346","0.5213","0.5598","0.4384","0.5567","0.2897","0.4303","2.171","2.2937","0","0","0","0","0","0","0","0","0","0","0","0","0","0","0","0","0","0","0","0","0","0","0","0","0"
"395","Younghoe Koo","NYG","k","14","GB","8.1","0","0","0","0","0","0","0","0","0","0","0","0","0","0","0","0","0","0","0","0","0.4167","0.4253","0.5101","0.5478","0.4289","0.5448","0.2834","0.4211","2.1507","2.2724","0","0","0","0","0","0","0","0","0","0","0","0","0","0","0","0","0","0","0","0","0","0","0","0","0"
"396","Ryan Fitzgerald","CAR","k","14","@ATL","8.1","0","0","0","0","0","0","0","0","0","0","0","0","0","0","0","0","0","0","0","0","0.4263","0.4345","0.5234","0.5597","0.4439","0.5566","0.2954","0.4303","1.9558","2.0598","0","0","0","0","0","0","0","0","0","0","0","0","0","0","0","0","0","0","0","0","0","0","0","0","0"
"397","Texans DST","HST","dst","6","@TEN","7.8","0","0","0","0","0","0","0","0","0","0","0","0","0","0","0","0","0","0","0","0","0","0","0","0","0","0","0","0","0","0","3.5848","0.0205","0.6192","0.9651","0.4799","0.0953","89.0363","0.0371","0.0155","0.0476","0.2012","0.2678","0.2438","0.1619","0.062","0","0","0","0","0","0","0","0","0","0"
"398","Patriots DST","NE","dst","14","NYJ","7.5","0","0","0","0","0","0","0","0","0","0","0","0","0","0","0","0","0","0","0","0","0","0","0","0","0","0","0","0","0","0","3.3491","0.0216","0.5922","1.0033","0.4923","0.0918","94.1453","0.0368","0.0155","0.0476","0.2012","0.2678","0.2438","0.1619","0.062","0","0","0","0","0","0","0","0","0","0"
"399","Joey Slye","TEN","k","10","HST","7.5","0","0","0","0","0","0","0","0","0","0","0","0","0","0","0","0","0","0","0","0","0.4232","0.4314","0.5194","0.5558","0.4399","0.5527","0.2925","0.4272","1.4031","1.4785","0","0","0","0","0","0","0","0","0","0","0","0","0","0","0","0","0","0","0","0","0","0","0","0","0"
"400","Andre Szmyt","CLV","k","9","BLT","7.5","0","0","0","0","0","0","0","0","0","0","0","0","0","0","0","0","0","0","0","0","0.4112","0.4196","0.5034","0.5405","0.4232","0.5375","0.2797","0.4155","1.6467","1.7399","0","0","0","0","0","0","0","0","0","0","0","0","0","0","0","0","0","0","0","0","0","0","0","0","0"
"401","Steelers DST","PIT","dst","5","CIN","7.3","0","0","0","0","0","0","0","0","0","0","0","0","0","0","0","0","0","0","0","0","0","0","0","0","0","0","0","0","0","0","2.8382","0.0215","0.9281","0.8843","0.4475","0.1215","92.1426","0.0336","0.0148","0.0351","0.1357","0.284","0.2585","0.1717","0.1002","0","0","0","0","0","0","0","0","0","0"
"402","Ravens DST","BLT","dst","7","@CLV","7.3","0","0","0","0","0","0","0","0","0","0","0","0","0","0","0","0","0","0","0","0","0","0","0","0","0","0","0","0","0","0","2.6668","0.0228","0.8236","0.9095","0.4504","0.1106","101.0688","0.039","0.0155","0.0476","0.2012","0.2678","0.2438","0.1619","0.062","0","0","0","0","0","0","0","0","0","0"
"403","Chargers DST","LAC","dst","12","@JAX","7.3","0","0","0","0","0","0","0","0","0","0","0","0","0","0","0","0","0","0","0","0","0","0","0","0","0","0","0","0","0","0","2.5409","0.024","0.9021","0.9329","0.4626","0.1185","93.8216","0.0352","0.0144","0.034","0.1963","0.275","0.2504","0.1663","0.0637","0","0","0","0","0","0","0","0","0","0"
"404","Bears DST","CHI","dst","5","@MIN","7.1","0","0","0","0","0","0","0","0","0","0","0","0","0","0","0","0","0","0","0","0","0","0","0","0","0","0","0","0","0","0","3.1702","0.0214","0.9179","0.945","0.4684","0.1219","87.2303","0.0321","0.0139","0.0328","0.0934","0.2659","0.2421","0.1893","0.1626","0","0","0","0","0","0","0","0","0","0"
"405","Bills DST","BUF","dst","7","TB","7","0","0","0","0","0","0","0","0","0","0","0","0","0","0","0","0","0","0","0","0","0","0","0","0","0","0","0","0","0","0","2.8473","0.0224","0.7534","0.925","0.4597","0.1048","103.104","0.0367","0.0149","0.0353","0.148","0.2859","0.2603","0.1728","0.0827","0","0","0","0","0","0","0","0","0","0"
"406","Cowboys DST","DAL","dst","10","@LV","6.9","0","0","0","0","0","0","0","0","0","0","0","0","0","0","0","0","0","0","0","0","0","0","0","0","0","0","0","0","0","0","3.0339","0.0209","0.7312","0.9432","0.4709","0.1039","97.1863","0.0348","0.0145","0.0344","0.1274","0.2786","0.2536","0.1932","0.0983","0","0","0","0","0","0","0","0","0","0"
"407","Rams DST","LA","dst","8","SEA","6.8","0","0","0","0","0","0","0","0","0","0","0","0","0","0","0","0","0","0","0","0","0","0","0","0","0","0","0","0","0","0","2.8747","0.0211","0.7513","0.9229","0.4586","0.1048","93.9139","0.0341","0.0148","0.0349","0.1293","0.2826","0.2573","0.1815","0.0997","0","0","0","0","0","0","0","0","0","0"
"408","Nick Folk","NYJ","k","9","@NE","6.8","0","0","0","0","0","0","0","0","0","0","0","0","0","0","0","0","0","0","0","0","0.3292","0.3323","0.4137","0.4281","0.3775","0.4257","0.2677","0.3291","1.7703","1.8177","0","0","0","0","0","0","0","0","0","0","0","0","0","0","0","0","0","0","0","0","0","0","0","0","0"
"409","49ers DST","SF","dst","14","@ARZ","6.7","0","0","0","0","0","0","0","0","0","0","0","0","0","0","0","0","0","0","0","0","0","0","0","0","0","0","0","0","0","0","2.9574","0.0232","0.6512","0.9906","0.492","0.097","94.2061","0.0343","0.0148","0.0349","0.1293","0.2826","0.2573","0.1815","0.0997","0","0","0","0","0","0","0","0","0","0"
"410","Vikings DST","MIN","dst","6","CHI","6.7","0","0","0","0","0","0","0","0","0","0","0","0","0","0","0","0","0","0","0","0","0","0","0","0","0","0","0","0","0","0","3.0319","0.0231","0.6046","0.9847","0.4858","0.0922","84.1513","0.0316","0.0148","0.0349","0.1293","0.2826","0.2573","0.1815","0.0997","0","0","0","0","0","0","0","0","0","0"
"411","Falcons DST","ATL","dst","5","CAR","6.6","0","0","0","0","0","0","0","0","0","0","0","0","0","0","0","0","0","0","0","0","0","0","0","0","0","0","0","0","0","0","2.4571","0.0227","0.6908","0.8946","0.4403","0.0966","90.2237","0.0347","0.0144","0.034","0.1963","0.275","0.2504","0.1663","0.0637","0","0","0","0","0","0","0","0","0","0"
"412","Eagles DST","PHI","dst","9","DET","6.4","0","0","0","0","0","0","0","0","0","0","0","0","0","0","0","0","0","0","0","0","0","0","0","0","0","0","0","0","0","0","2.5954","0.0226","0.6796","0.9449","0.4704","0.0981","96.6396","0.0354","0.0149","0.0353","0.1307","0.2856","0.26","0.1727","0.1008","0","0","0","0","0","0","0","0","0","0"
"413","Jaguars DST","JAX","dst","8","LAC","6.3","0","0","0","0","0","0","0","0","0","0","0","0","0","0","0","0","0","0","0","0","0","0","0","0","0","0","0","0","0","0","2.682","0.0243","0.6272","0.9765","0.4842","0.0936","90.5761","0.0339","0.0145","0.0344","0.1274","0.2786","0.2536","0.1932","0.0983","0","0","0","0","0","0","0","0","0","0"
"414","Broncos DST","DEN","dst","12","KC","6.1","0","0","0","0","0","0","0","0","0","0","0","0","0","0","0","0","0","0","0","0","0","0","0","0","0","0","0","0","0","0","2.3865","0.0232","0.6859","0.9227","0.4593","0.0967","90.9836","0.0336","0.0148","0.035","0.1069","0.2835","0.2581","0.2018","0.1","0","0","0","0","0","0","0","0","0","0"
"415","Titans DST","TEN","dst","10","HST","6.1","0","0","0","0","0","0","0","0","0","0","0","0","0","0","0","0","0","0","0","0","0","0","0","0","0","0","0","0","0","0","1.9844","0.0229","0.8412","0.8636","0.4241","0.1093","75.4788","0.032","0.0147","0.0347","0.1454","0.2808","0.2556","0.1698","0.0991","0","0","0","0","0","0","0","0","0","0"
"416","Jets DST","NYJ","dst","9","@NE","6","0","0","0","0","0","0","0","0","0","0","0","0","0","0","0","0","0","0","0","0","0","0","0","0","0","0","0","0","0","0","2.9052","0.0227","0.6097","0.9982","0.4892","0.0921","77.8925","0.0296","0.014","0.0331","0.0942","0.2262","0.2443","0.224","0.1641","0","0","0","0","0","0","0","0","0","0"
"417","Lions DST","DET","dst","8","@PHI","5.8","0","0","0","0","0","0","0","0","0","0","0","0","0","0","0","0","0","0","0","0","0","0","0","0","0","0","0","0","0","0","2.5684","0.0213","0.5077","0.9038","0.4444","0.0793","101.5308","0.0363","0.0148","0.035","0.1069","0.2835","0.2581","0.2018","0.1","0","0","0","0","0","0","0","0","0","0"
"418","Dolphins DST","MIA","dst","12","WAS","5.8","0","0","0","0","0","0","0","0","0","0","0","0","0","0","0","0","0","0","0","0","0","0","0","0","0","0","0","0","0","0","2.0784","0.0215","0.7152","0.8505","0.416","0.0966","96.3839","0.035","0.0148","0.0349","0.1293","0.2826","0.2573","0.1815","0.0997","0","0","0","0","0","0","0","0","0","0"
"419","Cardinals DST","ARZ","dst","8","SF","5.6","0","0","0","0","0","0","0","0","0","0","0","0","0","0","0","0","0","0","0","0","0","0","0","0","0","0","0","0","0","0","2.0045","0.0237","0.8089","0.9156","0.4515","0.1074","88.4654","0.0324","0.0139","0.0328","0.0934","0.2659","0.2421","0.1893","0.1626","0","0","0","0","0","0","0","0","0","0"
"420","Browns DST","CLV","dst","9","BLT","5.6","0","0","0","0","0","0","0","0","0","0","0","0","0","0","0","0","0","0","0","0","0","0","0","0","0","0","0","0","0","0","2.4358","0.0206","0.4823","0.8883","0.434","0.076","78.7174","0.0313","0.0148","0.0349","0.1293","0.2826","0.2573","0.1815","0.0997","0","0","0","0","0","0","0","0","0","0"
"421","Chiefs DST","KC","dst","10","@DEN","5.5","0","0","0","0","0","0","0","0","0","0","0","0","0","0","0","0","0","0","0","0","0","0","0","0","0","0","0","0","0","0","1.5003","0.0229","0.6642","0.786","0.3879","0.0885","98.4658","0.0363","0.0144","0.034","0.1963","0.275","0.2504","0.1663","0.0637","0","0","0","0","0","0","0","0","0","0"
"422","Commanders DST","WAS","dst","12","@MIA","5.5","0","0","0","0","0","0","0","0","0","0","0","0","0","0","0","0","0","0","0","0","0","0","0","0","0","0","0","0","0","0","1.9527","0.0208","0.8039","0.8186","0.4062","0.1047","92.4751","0.0336","0.0139","0.0328","0.0934","0.2659","0.2421","0.1893","0.1626","0","0","0","0","0","0","0","0","0","0"
"423","Seahawks DST","SEA","dst","8","@LA","5.5","0","0","0","0","0","0","0","0","0","0","0","0","0","0","0","0","0","0","0","0","0","0","0","0","0","0","0","0","0","0","2.2131","0.0231","0.7129","0.9005","0.4485","0.0992","91.2411","0.0329","0.0136","0.0321","0.0914","0.2495","0.2369","0.2173","0.1591","0","0","0","0","0","0","0","0","0","0"
"424","Raiders DST","LV","dst","8","DAL","5.2","0","0","0","0","0","0","0","0","0","0","0","0","0","0","0","0","0","0","0","0","0","0","0","0","0","0","0","0","0","0","2.0204","0.0233","0.6932","0.8836","0.4376","0.0957","84.9187","0.0311","0.014","0.0331","0.0942","0.2262","0.2443","0.224","0.1641","0","0","0","0","0","0","0","0","0","0"
"425","Giants DST","NYG","dst","14","GB","5.1","0","0","0","0","0","0","0","0","0","0","0","0","0","0","0","0","0","0","0","0","0","0","0","0","0","0","0","0","0","0","1.9375","0.0227","0.6552","0.8728","0.4272","0.0914","88.2331","0.0324","0.0138","0.0326","0.0996","0.2641","0.2404","0.188","0.1615","0","0","0","0","0","0","0","0","0","0"
"426","Panthers DST","CAR","dst","14","@ATL","5.1","0","0","0","0","0","0","0","0","0","0","0","0","0","0","0","0","0","0","0","0","0","0","0","0","0","0","0","0","0","0","1.4175","0.0225","0.704","0.7948","0.3891","0.0926","85.4946","0.0329","0.0148","0.0349","0.1293","0.2826","0.2573","0.1815","0.0997","0","0","0","0","0","0","0","0","0","0"
"427","Buccaneers DST","TB","dst","9","@BUF","4.6","0","0","0","0","0","0","0","0","0","0","0","0","0","0","0","0","0","0","0","0","0","0","0","0","0","0","0","0","0","0","1.5993","0.0231","0.6409","0.8373","0.4088","0.0876","93.1504","0.0327","0.014","0.0331","0.0942","0.2262","0.2443","0.224","0.1641","0","0","0","0","0","0","0","0","0","0"
"428","Bengals DST","CIN","dst","10","@PIT","4.5","0","0","0","0","0","0","0","0","0","0","0","0","0","0","0","0","0","0","0","0","0","0","0","0","0","0","0","0","0","0","1.8139","0.0206","0.5461","0.7992","0.3946","0.0789","85.548","0.0305","0.014","0.0331","0.0942","0.2262","0.2443","0.224","0.1641","0","0","0","0","0","0","0","0","0","0"