"fantasyPointsRank","playerName","teamName","position","byeWeek","games","fantasyPoints","passComp","passAtt","passYds","passTd","passInt","passSacked","rushAtt","rushYds","rushTd","recvTargets","recvReceptions","recvYds","recvTd","fumbles","fumblesLost","twoPt","returnYds","returnTd","fgMade019","fgAtt019","fgMade2029","fgAtt2029","fgMade3039","fgAtt3039","fgMade4049","fgAtt4049","fgMade50plus","fgAtt50plus","patMade","patAtt","dstSacks","dstSafeties","dstInt","dstFumblesForced","dstFumblesRecovered","dstTd","dstReturnYds","dstReturnTd","dstPts0","dstPts16","dstPts713","dstPts1420","dstPts2127","dstPts2834","dstPts35plus","idpTacklesSolo","idpTacklesAssist","idpSacks","idpTacklesForLoss","idpPassDefended","idpInt","idpFumblesForced","idpFumblesRecovered","idpSafeties","idpTd"
"1","Christian McCaffrey","SF","rb","14","LA","21","0","0","0","0","0","0","16.8458","65.9297","0.4836","7.1029","5.6636","46.4895","0.2166","0.2818","0.131","0.0338","0","0","0","0","0","0","0","0","0","0","0","0","0","0","0","0","0","0","0","0","0","0","0","0","0","0","0","0","0","0","0","0","0","0","0","0","0","0","0"
"2","Jonathan Taylor","IND","rb","11","ATL","19.9","0","0","0","0","0","0","19.0828","91.856","0.8612","3.6483","2.9511","20.1865","0.1024","0.3026","0.1372","0.0356","0","0","0","0","0","0","0","0","0","0","0","0","0","0","0","0","0","0","0","0","0","0","0","0","0","0","0","0","0","0","0","0","0","0","0","0","0","0","0"
"3","Bijan Robinson","ATL","rb","5","@IND","19.9","0","0","0","0","0","0","15.1427","63.8923","0.4952","6.7689","5.2644","42.9612","0.1763","0.2514","0.1179","0.0318","0","0","0","0","0","0","0","0","0","0","0","0","0","0","0","0","0","0","0","0","0","0","0","0","0","0","0","0","0","0","0","0","0","0","0","0","0","0","0"
"4","De'Von Achane","MIA","rb","12","BUF","19.5","0","0","0","0","0","0","13.1585","63.5044","0.4385","6.4896","5.1473","36.103","0.2965","0.2358","0.1107","0.0344","0","0","0","0","0","0","0","0","0","0","0","0","0","0","0","0","0","0","0","0","0","0","0","0","0","0","0","0","0","0","0","0","0","0","0","0","0","0","0"
"5","Puka Nacua","LA","wr","8","@SF","20.8","0","0","0","0","0","0","0.6312","3.7034","0.0282","10.9239","8.021","95.7864","0.45","0.1006","0.0546","0.0304","0","0","0","0","0","0","0","0","0","0","0","0","0","0","0","0","0","0","0","0","0","0","0","0","0","0","0","0","0","0","0","0","0","0","0","0","0","0","0"
"6","Jahmyr Gibbs","DET","rb","8","@WAS","18.4","0","0","0","0","0","0","14.3548","67.9638","0.666","4.7764","3.8915","27.0423","0.1799","0.2383","0.11","0.0366","0","0","0","0","0","0","0","0","0","0","0","0","0","0","0","0","0","0","0","0","0","0","0","0","0","0","0","0","0","0","0","0","0","0","0","0","0","0","0"
"7","Jaxon Smith-Njigba","SEA","wr","8","ARZ","20.2","0","0","0","0","0","0","0.3223","1.782","0.0092","10.309","7.3184","97.1693","0.482","0.0921","0.0503","0.0322","0","0","0","0","0","0","0","0","0","0","0","0","0","0","0","0","0","0","0","0","0","0","0","0","0","0","0","0","0","0","0","0","0","0","0","0","0","0","0"
"8","Amon-Ra St. Brown","DET","wr","8","@WAS","19.4","0","0","0","0","0","0","0.8864","5.518","0.0482","8.8714","7.2201","78.2778","0.5803","0.0868","0.0466","0.0334","0","0","0","0","0","0","0","0","0","0","0","0","0","0","0","0","0","0","0","0","0","0","0","0","0","0","0","0","0","0","0","0","0","0","0","0","0","0","0"
"9","James Cook","BUF","rb","7","@MIA","16.7","0","0","0","0","0","0","17.2838","84.8546","0.7682","2.3603","1.8564","12.4907","0.0892","0.2547","0.1147","0.0322","0","0","0","0","0","0","0","0","0","0","0","0","0","0","0","0","0","0","0","0","0","0","0","0","0","0","0","0","0","0","0","0","0","0","0","0","0","0","0"
"10","Josh Jacobs","GB","rb","5","PHI","16.4","0","0","0","0","0","0","17.093","69.9697","0.7785","3.076","2.5621","18.2741","0.0654","0.254","0.1149","0.0311","0","0","0","0","0","0","0","0","0","0","0","0","0","0","0","0","0","0","0","0","0","0","0","0","0","0","0","0","0","0","0","0","0","0","0","0","0","0","0"
"11","Rico Dowdle","CAR","rb","14","NO","16.3","0","0","0","0","0","0","19.9893","91.435","0.4522","2.9772","2.4103","15.2802","0.1061","0.302","0.1356","0.0248","33.361","0.0085","0","0","0","0","0","0","0","0","0","0","0","0","0","0","0","0","0","0","0","0","0","0","0","0","0","0","0","0","0","0","0","0","0","0","0","0","0"
"12","Saquon Barkley","PHI","rb","9","@GB","16.1","0","0","0","0","0","0","17.0069","73.6352","0.6648","3.0939","2.527","15.7889","0.1058","0.2373","0.1075","0.0332","0","0","0","0","0","0","0","0","0","0","0","0","0","0","0","0","0","0","0","0","0","0","0","0","0","0","0","0","0","0","0","0","0","0","0","0","0","0","0"
"13","Drake London","ATL","wr","5","@IND","17.8","0","0","0","0","0","0","0","0","0","10.6296","6.68","79.7749","0.5114","0","0","0.0236","0","0","0","0","0","0","0","0","0","0","0","0","0","0","0","0","0","0","0","0","0","0","0","0","0","0","0","0","0","0","0","0","0","0","0","0","0","0","0"
"14","Kyren Williams","LA","rb","8","@SF","15.2","0","0","0","0","0","0","15.9557","67.2201","0.5129","3.2769","2.5993","17.455","0.1885","0.251","0.1137","0.0291","0","0","0","0","0","0","0","0","0","0","0","0","0","0","0","0","0","0","0","0","0","0","0","0","0","0","0","0","0","0","0","0","0","0","0","0","0","0","0"
"15","Emeka Egbuka","TB","wr","9","NE","17","0","0","0","0","0","0","0.5611","2.7165","0.0197","9.5015","5.7914","74.967","0.5484","0.0732","0.0395","0.0267","0","0","0","0","0","0","0","0","0","0","0","0","0","0","0","0","0","0","0","0","0","0","0","0","0","0","0","0","0","0","0","0","0","0","0","0","0","0","0"
"16","Rachaad White","TB","rb","9","NE","14.7","0","0","0","0","0","0","14.178","48.7312","0.4105","4.5076","3.8193","24.5472","0.194","0.2455","0.113","0.0296","0","0","0","0","0","0","0","0","0","0","0","0","0","0","0","0","0","0","0","0","0","0","0","0","0","0","0","0","0","0","0","0","0","0","0","0","0","0","0"
"17","Justin Jefferson","MIN","wr","6","BLT","16.7","0","0","0","0","0","0","0","0","0","9.994","6.4427","75.6264","0.4337","0","0","0.0235","0","0","0","0","0","0","0","0","0","0","0","0","0","0","0","0","0","0","0","0","0","0","0","0","0","0","0","0","0","0","0","0","0","0","0","0","0","0","0"
"18","Quinshon Judkins","CLV","rb","9","@NYJ","14.4","0","0","0","0","0","0","19.3071","80.5824","0.6303","2.0634","1.6202","8.2173","0.0391","0.2773","0.1241","0.0222","0","0","0","0","0","0","0","0","0","0","0","0","0","0","0","0","0","0","0","0","0","0","0","0","0","0","0","0","0","0","0","0","0","0","0","0","0","0","0"
"19","Breece Hall","NYJ","rb","9","CLV","14.3","0","0","0","0","0","0","16.8333","65.8814","0.4537","3.3786","2.6511","17.8844","0.0986","0.2624","0.1188","0.0238","0","0","0","0","0","0","0","0","0","0","0","0","0","0","0","0","0","0","0","0","0","0","0","0","0","0","0","0","0","0","0","0","0","0","0","0","0","0","0"
"20","Jaylen Warren","PIT","rb","5","@LAC","14","0","0","0","0","0","0","14.1419","59.3007","0.4121","3.7232","3.0687","20.6884","0.0828","0.2256","0.1037","0.0269","0","0","0","0","0","0","0","0","0","0","0","0","0","0","0","0","0","0","0","0","0","0","0","0","0","0","0","0","0","0","0","0","0","0","0","0","0","0","0"
"21","Derrick Henry","BLT","rb","7","@MIN","13.9","0","0","0","0","0","0","16.7917","78.0047","0.7413","0.9916","0.7787","7.4403","0.0363","0.2289","0.102","0.0262","0","0","0","0","0","0","0","0","0","0","0","0","0","0","0","0","0","0","0","0","0","0","0","0","0","0","0","0","0","0","0","0","0","0","0","0","0","0","0"
"22","Ashton Jeanty","LV","rb","8","@DEN","13.6","0","0","0","0","0","0","14.5664","56.2079","0.2981","3.9096","3.1918","21.6159","0.1509","0.2398","0.1102","0.0248","0","0","0","0","0","0","0","0","0","0","0","0","0","0","0","0","0","0","0","0","0","0","0","0","0","0","0","0","0","0","0","0","0","0","0","0","0","0","0"
"23","Trey McBride","ARZ","te","8","@SEA","16.2","0","0","0","0","0","0","0","0","0","9.5149","6.9468","66.9411","0.4186","0","0","0.0207","0","0","0","0","0","0","0","0","0","0","0","0","0","0","0","0","0","0","0","0","0","0","0","0","0","0","0","0","0","0","0","0","0","0","0","0","0","0","0"
"24","TreVeyon Henderson","NE","rb","14","@TB","13.2","0","0","0","0","0","0","11.8717","45.1338","0.3025","4.4551","3.7362","25.4601","0.1039","0.1949","0.0905","0.0248","43.3524","0.0111","0","0","0","0","0","0","0","0","0","0","0","0","0","0","0","0","0","0","0","0","0","0","0","0","0","0","0","0","0","0","0","0","0","0","0","0","0"
"25","Davante Adams","LA","wr","8","@SF","15.1","0","0","0","0","0","0","0","0","0","8.4196","5.3103","65.0946","0.5468","0","0","0.0228","0","0","0","0","0","0","0","0","0","0","0","0","0","0","0","0","0","0","0","0","0","0","0","0","0","0","0","0","0","0","0","0","0","0","0","0","0","0","0"
"26","Travis Etienne Jr.","JAX","rb","8","@HST","12.7","0","0","0","0","0","0","14.3994","60.1289","0.3988","2.9166","2.4259","15.1004","0.0703","0.2323","0.105","0.0234","0","0","0","0","0","0","0","0","0","0","0","0","0","0","0","0","0","0","0","0","0","0","0","0","0","0","0","0","0","0","0","0","0","0","0","0","0","0","0"
"27","Brock Bowers","LV","te","8","@DEN","15.3","0","0","0","0","0","0","0","0","0","8.4037","6.4718","64.6542","0.3915","0","0","0.0174","0","0","0","0","0","0","0","0","0","0","0","0","0","0","0","0","0","0","0","0","0","0","0","0","0","0","0","0","0","0","0","0","0","0","0","0","0","0","0"
"28","Nico Collins","HST","wr","6","JAX","14.6","0","0","0","0","0","0","0","0","0","8.9889","5.6055","66.5913","0.3837","0","0","0.0176","0","0","0","0","0","0","0","0","0","0","0","0","0","0","0","0","0","0","0","0","0","0","0","0","0","0","0","0","0","0","0","0","0","0","0","0","0","0","0"
"29","Jaylen Waddle","MIA","wr","12","BUF","14.6","0","0","0","0","0","0","0","0","0","8.1631","5.55","66.8465","0.3848","0","0","0.0201","0","0","0","0","0","0","0","0","0","0","0","0","0","0","0","0","0","0","0","0","0","0","0","0","0","0","0","0","0","0","0","0","0","0","0","0","0","0","0"
"30","Chris Olave","NO","wr","11","@CAR","14.5","0","0","0","0","0","0","0","0","0","9.6832","5.9352","64.583","0.3446","0","0","0.0223","0","0","0","0","0","0","0","0","0","0","0","0","0","0","0","0","0","0","0","0","0","0","0","0","0","0","0","0","0","0","0","0","0","0","0","0","0","0","0"
"31","Zay Flowers","BLT","wr","7","@MIN","14.5","0","0","0","0","0","0","0.5761","3.7218","0.0231","7.4577","5.3559","66.7073","0.3275","0.064","0.0344","0.028","0","0","0","0","0","0","0","0","0","0","0","0","0","0","0","0","0","0","0","0","0","0","0","0","0","0","0","0","0","0","0","0","0","0","0","0","0","0","0"
"32","Kimani Vidal","LAC","rb","12","PIT","12.2","0","0","0","0","0","0","14.812","59.9623","0.3564","2.7198","2.1011","15.0153","0.091","0.2472","0.112","0.0237","30.5338","0.0078","0","0","0","0","0","0","0","0","0","0","0","0","0","0","0","0","0","0","0","0","0","0","0","0","0","0","0","0","0","0","0","0","0","0","0","0","0"
"33","Courtland Sutton","DEN","wr","12","LV","14.3","0","0","0","0","0","0","0","0","0","8.4457","5.1571","63.0315","0.4601","0","0","0.0223","0","0","0","0","0","0","0","0","0","0","0","0","0","0","0","0","0","0","0","0","0","0","0","0","0","0","0","0","0","0","0","0","0","0","0","0","0","0","0"
"34","Tyrone Tracy","NYG","rb","14","@CHI","11.9","0","0","0","0","0","0","11.6896","50.7101","0.3809","2.9435","2.3655","16.8361","0.0821","0.1836","0.0836","0.0239","0","0","0","0","0","0","0","0","0","0","0","0","0","0","0","0","0","0","0","0","0","0","0","0","0","0","0","0","0","0","0","0","0","0","0","0","0","0","0"
"35","D'Andre Swift","CHI","rb","5","NYG","11.8","0","0","0","0","0","0","12.3318","53.9786","0.3863","2.8868","2.3928","13.4474","0.058","0.1891","0.086","0.0207","0","0","0","0","0","0","0","0","0","0","0","0","0","0","0","0","0","0","0","0","0","0","0","0","0","0","0","0","0","0","0","0","0","0","0","0","0","0","0"
"36","Deebo Samuel","WAS","wr","12","DET","14.1","0","0","0","0","0","0","0.9591","5.2164","0.0547","7.592","5.5646","56.2739","0.3486","0.0737","0.0392","0.023","58.6324","0.015","0","0","0","0","0","0","0","0","0","0","0","0","0","0","0","0","0","0","0","0","0","0","0","0","0","0","0","0","0","0","0","0","0","0","0","0","0"
"37","Ladd McConkey","LAC","wr","12","PIT","14.1","0","0","0","0","0","0","0","0","0","8.0087","5.5783","63.8265","0.356","0","0","0.0196","0","0","0","0","0","0","0","0","0","0","0","0","0","0","0","0","0","0","0","0","0","0","0","0","0","0","0","0","0","0","0","0","0","0","0","0","0","0","0"
"38","Michael Pittman Jr.","IND","wr","11","ATL","14","0","0","0","0","0","0","0","0","0","8.2283","5.8705","60.7647","0.3341","0","0","0.0246","0","0","0","0","0","0","0","0","0","0","0","0","0","0","0","0","0","0","0","0","0","0","0","0","0","0","0","0","0","0","0","0","0","0","0","0","0","0","0"
"39","Wan'Dale Robinson","NYG","wr","14","@CHI","13.5","0","0","0","0","0","0","0.4294","2.5026","0.0148","7.7103","5.558","54.4442","0.3608","0.0663","0.036","0.0236","0","0","0","0","0","0","0","0","0","0","0","0","0","0","0","0","0","0","0","0","0","0","0","0","0","0","0","0","0","0","0","0","0","0","0","0","0","0","0"
"40","J.K. Dobbins","DEN","rb","12","LV","11.1","0","0","0","0","0","0","14.9861","68.2401","0.4277","1.3103","0.9998","5.9773","0.0308","0.2119","0.095","0.0197","0","0","0","0","0","0","0","0","0","0","0","0","0","0","0","0","0","0","0","0","0","0","0","0","0","0","0","0","0","0","0","0","0","0","0","0","0","0","0"
"41","Kenneth Walker III","SEA","rb","8","ARZ","10.9","0","0","0","0","0","0","13.3568","55.1261","0.4894","1.6938","1.4525","7.7683","0.0431","0.1939","0.087","0.021","0","0","0","0","0","0","0","0","0","0","0","0","0","0","0","0","0","0","0","0","0","0","0","0","0","0","0","0","0","0","0","0","0","0","0","0","0","0","0"
"42","Garrett Wilson","NYJ","wr","9","CLV","13.1","0","0","0","0","0","0","0.1384","0.7638","0.002","7.7978","5.1888","58.1405","0.3389","0.0652","0.0358","0.0217","0","0","0","0","0","0","0","0","0","0","0","0","0","0","0","0","0","0","0","0","0","0","0","0","0","0","0","0","0","0","0","0","0","0","0","0","0","0","0"
"43","A.J. Brown","PHI","wr","9","@GB","13","0","0","0","0","0","0","0","0","0","7.3502","4.7484","58.7015","0.3913","0","0","0.0243","0","0","0","0","0","0","0","0","0","0","0","0","0","0","0","0","0","0","0","0","0","0","0","0","0","0","0","0","0","0","0","0","0","0","0","0","0","0","0"
"44","David Montgomery","DET","rb","8","@WAS","10.7","0","0","0","0","0","0","11.3743","46.9835","0.4452","2.1008","1.733","12.9799","0.0513","0.1598","0.0727","0.0229","0","0","0","0","0","0","0","0","0","0","0","0","0","0","0","0","0","0","0","0","0","0","0","0","0","0","0","0","0","0","0","0","0","0","0","0","0","0","0"
"45","Stefon Diggs","NE","wr","14","@TB","12.9","0","0","0","0","0","0","0","0","0","6.9521","4.9833","58.1661","0.3402","0","0","0.0174","0","0","0","0","0","0","0","0","0","0","0","0","0","0","0","0","0","0","0","0","0","0","0","0","0","0","0","0","0","0","0","0","0","0","0","0","0","0","0"
"46","Alvin Kamara","NO","rb","11","@CAR","10.6","0","0","0","0","0","0","10.2529","41.393","0.2762","3.5444","2.7291","16.8704","0.0693","0.1807","0.0831","0.0192","0","0","0","0","0","0","0","0","0","0","0","0","0","0","0","0","0","0","0","0","0","0","0","0","0","0","0","0","0","0","0","0","0","0","0","0","0","0","0"
"47","Romeo Doubs","GB","wr","5","PHI","12.8","0","0","0","0","0","0","0","0","0","7.1754","4.6225","55.8392","0.4206","0","0","0.0218","0","0","0","0","0","0","0","0","0","0","0","0","0","0","0","0","0","0","0","0","0","0","0","0","0","0","0","0","0","0","0","0","0","0","0","0","0","0","0"
"48","Aaron Jones","MIN","rb","6","BLT","10.5","0","0","0","0","0","0","8.7299","37.7595","0.2346","3.6067","2.9137","17.8336","0.1069","0.1381","0.0642","0.0188","0","0","0","0","0","0","0","0","0","0","0","0","0","0","0","0","0","0","0","0","0","0","0","0","0","0","0","0","0","0","0","0","0","0","0","0","0","0","0"
"49","Rome Odunze","CHI","wr","5","NYG","12.7","0","0","0","0","0","0","0","0","0","7.5512","4.3586","60.794","0.3676","0","0","0.021","0","0","0","0","0","0","0","0","0","0","0","0","0","0","0","0","0","0","0","0","0","0","0","0","0","0","0","0","0","0","0","0","0","0","0","0","0","0","0"
"50","D.K. Metcalf","PIT","wr","5","@LAC","12.6","0","0","0","0","0","0","0","0","0","7.1935","4.3183","57.8267","0.4104","0","0","0.018","0","0","0","0","0","0","0","0","0","0","0","0","0","0","0","0","0","0","0","0","0","0","0","0","0","0","0","0","0","0","0","0","0","0","0","0","0","0","0"
"51","Marvin Harrison Jr.","ARZ","wr","8","@SEA","12.5","0","0","0","0","0","0","0","0","0","7.7225","4.7078","57.225","0.3363","0","0","0.0168","0","0","0","0","0","0","0","0","0","0","0","0","0","0","0","0","0","0","0","0","0","0","0","0","0","0","0","0","0","0","0","0","0","0","0","0","0","0","0"
"52","DeVonta Smith","PHI","wr","9","@GB","12.3","0","0","0","0","0","0","0","0","0","6.5728","4.8634","54.7777","0.3236","0","0","0.0218","0","0","0","0","0","0","0","0","0","0","0","0","0","0","0","0","0","0","0","0","0","0","0","0","0","0","0","0","0","0","0","0","0","0","0","0","0","0","0"
"53","Tre Tucker","LV","wr","8","@DEN","12.3","0","0","0","0","0","0","0.3897","1.9562","0.0156","7.3337","4.7736","53.3954","0.3231","0.0597","0.0323","0.0156","19.5596","0.0168","0","0","0","0","0","0","0","0","0","0","0","0","0","0","0","0","0","0","0","0","0","0","0","0","0","0","0","0","0","0","0","0","0","0","0","0","0"
"54","Tetairoa McMillan","CAR","wr","14","NO","12.3","0","0","0","0","0","0","0","0","0","7.6525","4.7342","53.9621","0.3605","0","0","0.0191","0","0","0","0","0","0","0","0","0","0","0","0","0","0","0","0","0","0","0","0","0","0","0","0","0","0","0","0","0","0","0","0","0","0","0","0","0","0","0"
"55","Josh Allen","BUF","qb","7","@MIA","20.5","21.1207","29.3458","229.1071","1.6532","0.5861","1.0563","5.9109","28.9284","0.3672","0","0","0","0","0","0","0.1122","0","0","0","0","0","0","0","0","0","0","0","0","0","0","0","0","0","0","0","0","0","0","0","0","0","0","0","0","0","0","0","0","0","0","0","0","0","0","0"
"56","Troy Franklin","DEN","wr","12","LV","12.1","0","0","0","0","0","0","0.1839","1.0998","0.0032","7.2554","4.4438","51.7793","0.3885","0.0498","0.0272","0.0194","0","0","0","0","0","0","0","0","0","0","0","0","0","0","0","0","0","0","0","0","0","0","0","0","0","0","0","0","0","0","0","0","0","0","0","0","0","0","0"
"57","Lamar Jackson","BLT","qb","7","@MIN","20.4","19.5604","27.2712","220.8762","1.6739","0.5174","2.2561","6.62","39.9918","0.1947","0","0","0","0","0","0","0.1048","0","0","0","0","0","0","0","0","0","0","0","0","0","0","0","0","0","0","0","0","0","0","0","0","0","0","0","0","0","0","0","0","0","0","0","0","0","0","0"
"58","Kyle Monangai","CHI","rb","5","NYG","9.7","0","0","0","0","0","0","10.1956","51.3382","0.3731","1.5808","1.3072","8.0584","0.0373","0.1458","0.0655","0.0149","0","0","0","0","0","0","0","0","0","0","0","0","0","0","0","0","0","0","0","0","0","0","0","0","0","0","0","0","0","0","0","0","0","0","0","0","0","0","0"
"59","Quentin Johnston","LAC","wr","12","PIT","11.9","0","0","0","0","0","0","0.762","4.4708","0.0225","6.3982","3.985","50.4003","0.3853","0.0585","0.0311","0.0165","0","0","0","0","0","0","0","0","0","0","0","0","0","0","0","0","0","0","0","0","0","0","0","0","0","0","0","0","0","0","0","0","0","0","0","0","0","0","0"
"60","RJ Harvey","DEN","rb","12","LV","9.6","0","0","0","0","0","0","5.521","23.4715","0.1551","3.9983","3.1315","20.5607","0.1934","0.1155","0.0554","0.0166","27.0333","0.0069","0","0","0","0","0","0","0","0","0","0","0","0","0","0","0","0","0","0","0","0","0","0","0","0","0","0","0","0","0","0","0","0","0","0","0","0","0"
"61","Parker Washington","JAX","wr","8","@HST","11.8","0","0","0","0","0","0","0.2571","1.4554","0.0083","7.5208","4.6242","50.7667","0.3133","0.0547","0.0298","0.0192","23.1115","0.0199","0","0","0","0","0","0","0","0","0","0","0","0","0","0","0","0","0","0","0","0","0","0","0","0","0","0","0","0","0","0","0","0","0","0","0","0","0"
"62","Tyler Warren","IND","te","11","ATL","12.3","0","0","0","0","0","0","0","0","0","7.1047","5.1117","50.439","0.3543","0","0","0.0212","0","0","0","0","0","0","0","0","0","0","0","0","0","0","0","0","0","0","0","0","0","0","0","0","0","0","0","0","0","0","0","0","0","0","0","0","0","0","0"
"63","Woody Marks","HST","rb","6","JAX","9.4","0","0","0","0","0","0","10.3796","38.1534","0.2027","3.09","2.3637","14.9415","0.0903","0.1763","0.0802","0.0154","0","0","0","0","0","0","0","0","0","0","0","0","0","0","0","0","0","0","0","0","0","0","0","0","0","0","0","0","0","0","0","0","0","0","0","0","0","0","0"
"64","Oronde Gadsden II","LAC","te","12","PIT","12.1","0","0","0","0","0","0","0","0","0","6.5182","4.7206","52.6905","0.3435","0","0","0.0159","0","0","0","0","0","0","0","0","0","0","0","0","0","0","0","0","0","0","0","0","0","0","0","0","0","0","0","0","0","0","0","0","0","0","0","0","0","0","0"
"65","Jauan Jennings","SF","wr","14","LA","11.5","0","0","0","0","0","0","0","0","0","7.1123","4.7522","49.4965","0.2964","0","0","0.0159","0","0","0","0","0","0","0","0","0","0","0","0","0","0","0","0","0","0","0","0","0","0","0","0","0","0","0","0","0","0","0","0","0","0","0","0","0","0","0"
"66","George Kittle","SF","te","14","LA","12","0","0","0","0","0","0","0","0","0","6.3802","4.5746","52.0558","0.362","0","0","0.0143","0","0","0","0","0","0","0","0","0","0","0","0","0","0","0","0","0","0","0","0","0","0","0","0","0","0","0","0","0","0","0","0","0","0","0","0","0","0","0"
"67","Khalil Shakir","BUF","wr","7","@MIA","11.4","0","0","0","0","0","0","0","0","0","5.8247","4.544","49.2761","0.3157","0","0","0.0214","0","0","0","0","0","0","0","0","0","0","0","0","0","0","0","0","0","0","0","0","0","0","0","0","0","0","0","0","0","0","0","0","0","0","0","0","0","0","0"
"68","Jameson Williams","DET","wr","8","@WAS","11.3","0","0","0","0","0","0","0.6648","4.1386","0.0416","5.6768","3.567","49.5293","0.3435","0.0482","0.0256","0.0215","0","0","0","0","0","0","0","0","0","0","0","0","0","0","0","0","0","0","0","0","0","0","0","0","0","0","0","0","0","0","0","0","0","0","0","0","0","0","0"
"69","Bam Knight","ARZ","rb","8","@SEA","8.9","0","0","0","0","0","0","8.7589","29.2356","0.2759","3.0575","2.4893","14.1227","0.0714","0.1352","0.0625","0.0164","32.3935","0.0083","0","0","0","0","0","0","0","0","0","0","0","0","0","0","0","0","0","0","0","0","0","0","0","0","0","0","0","0","0","0","0","0","0","0","0","0","0"
"70","Keenan Allen","LAC","wr","12","PIT","11.1","0","0","0","0","0","0","0","0","0","6.7078","4.6727","45.3796","0.3177","0","0","0.0164","0","0","0","0","0","0","0","0","0","0","0","0","0","0","0","0","0","0","0","0","0","0","0","0","0","0","0","0","0","0","0","0","0","0","0","0","0","0","0"
"71","Jordan Addison","MIN","wr","6","BLT","11.1","0","0","0","0","0","0","0.1234","0.7307","0.004","6.5238","3.9448","50.2478","0.3373","0.049","0.0268","0.0155","0","0","0","0","0","0","0","0","0","0","0","0","0","0","0","0","0","0","0","0","0","0","0","0","0","0","0","0","0","0","0","0","0","0","0","0","0","0","0"
"72","Sam LaPorta","DET","te","8","@WAS","11.6","0","0","0","0","0","0","0","0","0","5.7472","4.4834","45.0577","0.4203","0","0","0.0209","0","0","0","0","0","0","0","0","0","0","0","0","0","0","0","0","0","0","0","0","0","0","0","0","0","0","0","0","0","0","0","0","0","0","0","0","0","0","0"
"73","Jordan Mason","MIN","rb","6","BLT","8.7","0","0","0","0","0","0","10.3778","43.2383","0.3016","1.6976","1.4005","9.4471","0.0342","0.1392","0.0628","0.0162","0","0","0","0","0","0","0","0","0","0","0","0","0","0","0","0","0","0","0","0","0","0","0","0","0","0","0","0","0","0","0","0","0","0","0","0","0","0","0"
"74","Jacory Croskey-Merritt","WAS","rb","12","DET","8.7","0","0","0","0","0","0","11.0387","43.4528","0.4038","1.301","0.9846","8.0328","0.0351","0.1724","0.0776","0.0175","0","0","0","0","0","0","0","0","0","0","0","0","0","0","0","0","0","0","0","0","0","0","0","0","0","0","0","0","0","0","0","0","0","0","0","0","0","0","0"
"75","Tez Johnson","TB","wr","9","NE","10.9","0","0","0","0","0","0","0","0","0","6.3133","3.9574","49.8009","0.3253","0","0","0.0173","0","0","0","0","0","0","0","0","0","0","0","0","0","0","0","0","0","0","0","0","0","0","0","0","0","0","0","0","0","0","0","0","0","0","0","0","0","0","0"
"76","Zach Charbonnet","SEA","rb","8","ARZ","8.4","0","0","0","0","0","0","10.4107","39.4759","0.3943","1.39","1.2375","6.7142","0.0341","0.1366","0.0613","0.0165","0","0","0","0","0","0","0","0","0","0","0","0","0","0","0","0","0","0","0","0","0","0","0","0","0","0","0","0","0","0","0","0","0","0","0","0","0","0","0"
"77","Drake Maye","NE","qb","14","@TB","19","23.6481","31.9413","239.6515","1.5207","0.6588","3.2828","7.1047","31.0232","0.1262","0","0","0","0","0","0","0.0832","0","0","0","0","0","0","0","0","0","0","0","0","0","0","0","0","0","0","0","0","0","0","0","0","0","0","0","0","0","0","0","0","0","0","0","0","0","0","0"
"78","Jaxson Dart","NYG","qb","14","@CHI","19","20.709","29.3123","207.7253","1.546","0.6472","2.5798","6.7857","33.6443","0.2741","0","0","0","0","0","0","0.0931","0","0","0","0","0","0","0","0","0","0","0","0","0","0","0","0","0","0","0","0","0","0","0","0","0","0","0","0","0","0","0","0","0","0","0","0","0","0","0"
"79","Devin Singletary","NYG","rb","14","@CHI","8.3","0","0","0","0","0","0","8.4244","34.0898","0.2577","2.3062","1.8178","11.7668","0.0653","0.1292","0.0594","0.0177","31.1008","0.0079","0","0","0","0","0","0","0","0","0","0","0","0","0","0","0","0","0","0","0","0","0","0","0","0","0","0","0","0","0","0","0","0","0","0","0","0","0"
"80","Justin Herbert","LAC","qb","12","PIT","18.7","25.174","35.5155","259.4573","1.6726","0.594","3.1753","3.9228","15.5282","0.0879","0","0","0","0","0","0","0.0889","0","0","0","0","0","0","0","0","0","0","0","0","0","0","0","0","0","0","0","0","0","0","0","0","0","0","0","0","0","0","0","0","0","0","0","0","0","0","0"
"81","Kyle Pitts","ATL","te","5","@IND","10.9","0","0","0","0","0","0","0","0","0","6.7591","4.6186","47.0016","0.2562","0","0","0.015","0","0","0","0","0","0","0","0","0","0","0","0","0","0","0","0","0","0","0","0","0","0","0","0","0","0","0","0","0","0","0","0","0","0","0","0","0","0","0"
"82","Nick Chubb","HST","rb","6","JAX","8","0","0","0","0","0","0","10.0438","37.8547","0.206","2.2574","1.7195","10.0561","0.0549","0.1506","0.0686","0.0135","0","0","0","0","0","0","0","0","0","0","0","0","0","0","0","0","0","0","0","0","0","0","0","0","0","0","0","0","0","0","0","0","0","0","0","0","0","0","0"
"83","DJ Moore","CHI","wr","5","NYG","10.1","0","0","0","0","0","0","0.3569","3.354","0.0207","5.617","3.7986","44.2537","0.2286","0.0471","0.0256","0.016","0","0","0","0","0","0","0","0","0","0","0","0","0","0","0","0","0","0","0","0","0","0","0","0","0","0","0","0","0","0","0","0","0","0","0","0","0","0","0"
"84","Jalen Hurts","PHI","qb","9","@GB","18.4","20.6422","28.0739","199.707","1.392","0.5216","2.7259","6.5921","28.7145","0.3835","0","0","0","0","0","0","0.0984","0","0","0","0","0","0","0","0","0","0","0","0","0","0","0","0","0","0","0","0","0","0","0","0","0","0","0","0","0","0","0","0","0","0","0","0","0","0","0"
"85","Alec Pierce","IND","wr","11","ATL","10","0","0","0","0","0","0","0","0","0","5.7923","3.3961","50.9552","0.2485","0","0","0.0173","0","0","0","0","0","0","0","0","0","0","0","0","0","0","0","0","0","0","0","0","0","0","0","0","0","0","0","0","0","0","0","0","0","0","0","0","0","0","0"
"86","Jakobi Meyers","JAX","wr","8","@HST","9.9","0","0","0","0","0","0","0","0","0","6.0755","3.9758","44.3346","0.2488","0","0","0.0152","0","0","0","0","0","0","0","0","0","0","0","0","0","0","0","0","0","0","0","0","0","0","0","0","0","0","0","0","0","0","0","0","0","0","0","0","0","0","0"
"87","Josh Downs","IND","wr","11","ATL","9.9","0","0","0","0","0","0","0","0","0","6.012","4.442","39.7398","0.2488","0","0","0.018","0","0","0","0","0","0","0","0","0","0","0","0","0","0","0","0","0","0","0","0","0","0","0","0","0","0","0","0","0","0","0","0","0","0","0","0","0","0","0"
"88","Baker Mayfield","TB","qb","9","NE","18","23.0592","33.2933","240.2594","1.7096","0.6974","2.7113","4.2326","14.5257","0.1039","0","0","0","0","0","0","0.0941","0","0","0","0","0","0","0","0","0","0","0","0","0","0","0","0","0","0","0","0","0","0","0","0","0","0","0","0","0","0","0","0","0","0","0","0","0","0","0"
"89","Darius Slayton","NYG","wr","14","@CHI","9.7","0","0","0","0","0","0","0","0","0","5.8218","3.5251","44.1275","0.2823","0","0","0.0174","0","0","0","0","0","0","0","0","0","0","0","0","0","0","0","0","0","0","0","0","0","0","0","0","0","0","0","0","0","0","0","0","0","0","0","0","0","0","0"
"90","Dalton Kincaid","BUF","te","7","@MIA","10.1","0","0","0","0","0","0","0","0","0","5.3154","3.7421","43.4257","0.3258","0","0","0.0195","0","0","0","0","0","0","0","0","0","0","0","0","0","0","0","0","0","0","0","0","0","0","0","0","0","0","0","0","0","0","0","0","0","0","0","0","0","0","0"
"91","Kenneth Gainwell","PIT","rb","5","@LAC","7.1","0","0","0","0","0","0","5.4506","19.8512","0.1603","2.8732","2.3568","14.1364","0.0625","0.0969","0.0453","0.014","31.7313","0.0081","0","0","0","0","0","0","0","0","0","0","0","0","0","0","0","0","0","0","0","0","0","0","0","0","0","0","0","0","0","0","0","0","0","0","0","0","0"
"92","Emari Demercado","ARZ","rb","8","@SEA","7.1","0","0","0","0","0","0","8.4841","36.7619","0.2267","1.393","1.1752","7.1531","0.0387","0.1237","0.0554","0.0125","0","0","0","0","0","0","0","0","0","0","0","0","0","0","0","0","0","0","0","0","0","0","0","0","0","0","0","0","0","0","0","0","0","0","0","0","0","0","0"
"93","Dallas Goedert","PHI","te","9","@GB","9.9","0","0","0","0","0","0","0","0","0","5.3397","4.0617","37.2609","0.339","0","0","0.0177","0","0","0","0","0","0","0","0","0","0","0","0","0","0","0","0","0","0","0","0","0","0","0","0","0","0","0","0","0","0","0","0","0","0","0","0","0","0","0"
"94","Matthew Stafford","LA","qb","8","@SF","17.5","24.4705","34.0042","253.7041","1.765","0.6345","1.854","2.9685","4.5482","0.0524","0","0","0","0","0","0","0.0944","0","0","0","0","0","0","0","0","0","0","0","0","0","0","0","0","0","0","0","0","0","0","0","0","0","0","0","0","0","0","0","0","0","0","0","0","0","0","0"
"95","Daniel Jones","IND","qb","11","ATL","17.5","22.4418","31.2316","224.0456","1.2799","0.6164","2.165","4.7105","20.5697","0.2899","0","0","0","0","0","0","0.0964","0","0","0","0","0","0","0","0","0","0","0","0","0","0","0","0","0","0","0","0","0","0","0","0","0","0","0","0","0","0","0","0","0","0","0","0","0","0","0"
"96","Bo Nix","DEN","qb","12","LV","17.5","22.9216","33.252","221.856","1.5793","0.5824","1.2278","5.471","19.0809","0.1393","0","0","0","0","0","0","0.0912","0","0","0","0","0","0","0","0","0","0","0","0","0","0","0","0","0","0","0","0","0","0","0","0","0","0","0","0","0","0","0","0","0","0","0","0","0","0","0"
"97","Jared Goff","DET","qb","8","@WAS","17.3","22.5987","29.4646","238.0099","1.7871","0.5636","1.5901","2.0294","5.1945","0.0699","0","0","0","0","0","0","0.1081","0","0","0","0","0","0","0","0","0","0","0","0","0","0","0","0","0","0","0","0","0","0","0","0","0","0","0","0","0","0","0","0","0","0","0","0","0","0","0"
"98","Jerry Jeudy","CLV","wr","9","@NYJ","9","0","0","0","0","0","0","0","0","0","6.2174","3.5344","41.759","0.2107","0","0","0.0143","0","0","0","0","0","0","0","0","0","0","0","0","0","0","0","0","0","0","0","0","0","0","0","0","0","0","0","0","0","0","0","0","0","0","0","0","0","0","0"
"99","Malik Washington","MIA","wr","12","BUF","8.9","0","0","0","0","0","0","1.0761","6.4605","0.0389","5.0167","3.6665","31.5904","0.1963","0.0559","0.0292","0.0139","55.5014","0.0245","0","0","0","0","0","0","0","0","0","0","0","0","0","0","0","0","0","0","0","0","0","0","0","0","0","0","0","0","0","0","0","0","0","0","0","0","0"
"100","Darnell Mooney","ATL","wr","5","@IND","8.8","0","0","0","0","0","0","0","0","0","5.5776","3.239","42.0434","0.2237","0","0","0.0124","0","0","0","0","0","0","0","0","0","0","0","0","0","0","0","0","0","0","0","0","0","0","0","0","0","0","0","0","0","0","0","0","0","0","0","0","0","0","0"
"101","Isaiah Davis","NYJ","rb","9","CLV","6.5","0","0","0","0","0","0","5.6484","23.4548","0.1483","2.2364","1.719","12.2924","0.0609","0.0973","0.0451","0.011","37.1884","0.0095","0","0","0","0","0","0","0","0","0","0","0","0","0","0","0","0","0","0","0","0","0","0","0","0","0","0","0","0","0","0","0","0","0","0","0","0","0"
"102","Mark Andrews","BLT","te","7","@MIN","9.3","0","0","0","0","0","0","0","0","0","4.8133","3.5049","34.0891","0.3881","0","0","0.0176","0","0","0","0","0","0","0","0","0","0","0","0","0","0","0","0","0","0","0","0","0","0","0","0","0","0","0","0","0","0","0","0","0","0","0","0","0","0","0"
"103","Cade Otton","TB","te","9","NE","9.3","0","0","0","0","0","0","0","0","0","5.1117","3.8457","37.5877","0.2844","0","0","0.014","0","0","0","0","0","0","0","0","0","0","0","0","0","0","0","0","0","0","0","0","0","0","0","0","0","0","0","0","0","0","0","0","0","0","0","0","0","0","0"
"104","Theo Johnson","NYG","te","14","@CHI","9.3","0","0","0","0","0","0","0","0","0","5.0059","3.6021","33.217","0.3959","0","0","0.015","0","0","0","0","0","0","0","0","0","0","0","0","0","0","0","0","0","0","0","0","0","0","0","0","0","0","0","0","0","0","0","0","0","0","0","0","0","0","0"
"105","Harold Fannin Jr.","CLV","te","9","@NYJ","9.3","0","0","0","0","0","0","0","0","0","5.9123","4.2547","36.4655","0.2365","0","0","0.0136","0","0","0","0","0","0","0","0","0","0","0","0","0","0","0","0","0","0","0","0","0","0","0","0","0","0","0","0","0","0","0","0","0","0","0","0","0","0","0"
"106","Terrell Jennings","NE","rb","14","@TB","6.4","0","0","0","0","0","0","8.1628","29.4681","0.2107","1.4198","1.1586","8.3897","0.0451","0.1229","0.0555","0.0129","0","0","0","0","0","0","0","0","0","0","0","0","0","0","0","0","0","0","0","0","0","0","0","0","0","0","0","0","0","0","0","0","0","0","0","0","0","0","0"
"107","Sean Tucker","TB","rb","9","NE","6.4","0","0","0","0","0","0","6.5066","22.4988","0.1953","1.9159","1.5697","10.9156","0.0563","0.105","0.0481","0.0131","29.8066","0.0076","0","0","0","0","0","0","0","0","0","0","0","0","0","0","0","0","0","0","0","0","0","0","0","0","0","0","0","0","0","0","0","0","0","0","0","0","0"
"108","Hunter Henry","NE","te","14","@TB","9.2","0","0","0","0","0","0","0","0","0","5.0579","3.6539","37.0943","0.3","0","0","0.0126","0","0","0","0","0","0","0","0","0","0","0","0","0","0","0","0","0","0","0","0","0","0","0","0","0","0","0","0","0","0","0","0","0","0","0","0","0","0","0"
"109","Juwan Johnson","NO","te","11","@CAR","9.2","0","0","0","0","0","0","0","0","0","5.7274","3.9409","38.8316","0.2309","0","0","0.0132","0","0","0","0","0","0","0","0","0","0","0","0","0","0","0","0","0","0","0","0","0","0","0","0","0","0","0","0","0","0","0","0","0","0","0","0","0","0","0"
"110","Dyami Brown","JAX","wr","8","@HST","8.5","0","0","0","0","0","0","0","0","0","5.3496","3.1925","38.373","0.2483","0","0","0.0134","0","0","0","0","0","0","0","0","0","0","0","0","0","0","0","0","0","0","0","0","0","0","0","0","0","0","0","0","0","0","0","0","0","0","0","0","0","0","0"
"111","Rashid Shaheed","SEA","wr","8","ARZ","8.4","0","0","0","0","0","0","0","0","0","4.6151","2.9066","40.5559","0.2335","0","0","0.0142","59.4129","0.0245","0","0","0","0","0","0","0","0","0","0","0","0","0","0","0","0","0","0","0","0","0","0","0","0","0","0","0","0","0","0","0","0","0","0","0","0","0"
"112","Demario Douglas","NE","wr","14","@TB","8.4","0","0","0","0","0","0","0","0","0","4.656","3.4322","36.3913","0.2237","0","0","0.0116","0","0","0","0","0","0","0","0","0","0","0","0","0","0","0","0","0","0","0","0","0","0","0","0","0","0","0","0","0","0","0","0","0","0","0","0","0","0","0"
"113","Keon Coleman","BUF","wr","7","@MIA","8.4","0","0","0","0","0","0","0","0","0","4.8165","2.9553","37.738","0.2795","0","0","0.0177","0","0","0","0","0","0","0","0","0","0","0","0","0","0","0","0","0","0","0","0","0","0","0","0","0","0","0","0","0","0","0","0","0","0","0","0","0","0","0"
"114","Sam Darnold","SEA","qb","8","ARZ","16.6","21.0567","29.1662","236.9845","1.5004","0.6923","2.2045","3.2497","10.591","0.0878","0","0","0","0","0","0","0.0921","0","0","0","0","0","0","0","0","0","0","0","0","0","0","0","0","0","0","0","0","0","0","0","0","0","0","0","0","0","0","0","0","0","0","0","0","0","0","0"
"115","Caleb Williams","CHI","qb","5","NYG","16.6","20.8819","30.6298","213.8931","1.2223","0.595","2.98","6.5094","21.5071","0.2432","0","0","0","0","0","0","0.0889","0","0","0","0","0","0","0","0","0","0","0","0","0","0","0","0","0","0","0","0","0","0","0","0","0","0","0","0","0","0","0","0","0","0","0","0","0","0","0"
"116","Zach Ertz","WAS","te","12","DET","8.8","0","0","0","0","0","0","0","0","0","4.9088","3.7289","30.5523","0.3245","0","0","0.0141","0","0","0","0","0","0","0","0","0","0","0","0","0","0","0","0","0","0","0","0","0","0","0","0","0","0","0","0","0","0","0","0","0","0","0","0","0","0","0"
"117","Blake Corum","LA","rb","8","@SF","5.9","0","0","0","0","0","0","5.6809","26.2444","0.1588","1.5782","1.2516","8.9195","0.0396","0.0903","0.0412","0.0115","0","0","0","0","0","0","0","0","0","0","0","0","0","0","0","0","0","0","0","0","0","0","0","0","0","0","0","0","0","0","0","0","0","0","0","0","0","0","0"
"118","Kendrick Bourne","SF","wr","14","LA","8.2","0","0","0","0","0","0","0","0","0","4.8725","3.3111","39.1911","0.1588","0","0","0.0109","0","0","0","0","0","0","0","0","0","0","0","0","0","0","0","0","0","0","0","0","0","0","0","0","0","0","0","0","0","0","0","0","0","0","0","0","0","0","0"
"119","Bhayshul Tuten","JAX","rb","8","@HST","5.8","0","0","0","0","0","0","5.9383","23.0616","0.1931","1.5727","1.2425","8.2338","0.0469","0.1022","0.0468","0.0106","35.7369","0.0091","0","0","0","0","0","0","0","0","0","0","0","0","0","0","0","0","0","0","0","0","0","0","0","0","0","0","0","0","0","0","0","0","0","0","0","0","0"
"120","Christian Watson","GB","wr","5","PHI","7.9","0","0","0","0","0","0","0","0","0","4.3727","2.5609","38.142","0.2579","0","0","0.0133","0","0","0","0","0","0","0","0","0","0","0","0","0","0","0","0","0","0","0","0","0","0","0","0","0","0","0","0","0","0","0","0","0","0","0","0","0","0","0"
"121","Emanuel Wilson","GB","rb","5","PHI","5.6","0","0","0","0","0","0","5.2908","21.0371","0.1755","1.6238","1.3882","7.9815","0.0501","0.0825","0.0378","0.0117","0","0","0","0","0","0","0","0","0","0","0","0","0","0","0","0","0","0","0","0","0","0","0","0","0","0","0","0","0","0","0","0","0","0","0","0","0","0","0"
"122","Jordan Love","GB","qb","5","PHI","16.2","21.5334","30.9219","228.7051","1.5521","0.6661","1.7497","2.3699","9.8903","0.0609","0","0","0","0","0","0","0.0937","0","0","0","0","0","0","0","0","0","0","0","0","0","0","0","0","0","0","0","0","0","0","0","0","0","0","0","0","0","0","0","0","0","0","0","0","0","0","0"
"123","Xavier Legette","CAR","wr","14","NO","7.8","0","0","0","0","0","0","0.1916","1.1513","0.0033","4.949","3.1655","29.9175","0.2514","0.0331","0.018","0.0125","0","0","0","0","0","0","0","0","0","0","0","0","0","0","0","0","0","0","0","0","0","0","0","0","0","0","0","0","0","0","0","0","0","0","0","0","0","0","0"
"124","Dalton Schultz","HST","te","6","JAX","8.3","0","0","0","0","0","0","0","0","0","5.1124","3.6262","35.5272","0.1799","0","0","0.01","0","0","0","0","0","0","0","0","0","0","0","0","0","0","0","0","0","0","0","0","0","0","0","0","0","0","0","0","0","0","0","0","0","0","0","0","0","0","0"
"125","Jaylin Lane","WAS","wr","12","DET","7.7","0","0","0","0","0","0","0","0","0","4.91","2.9776","33.2586","0.2287","0","0","0.0141","47.9798","0.0224","0","0","0","0","0","0","0","0","0","0","0","0","0","0","0","0","0","0","0","0","0","0","0","0","0","0","0","0","0","0","0","0","0","0","0","0","0"
"126","Mac Jones","SF","qb","14","LA","15.8","25.3537","35.4464","243.1884","1.3534","0.854","2.7823","2.7899","11.4243","0.0333","0","0","0","0","0","0","0.0805","0","0","0","0","0","0","0","0","0","0","0","0","0","0","0","0","0","0","0","0","0","0","0","0","0","0","0","0","0","0","0","0","0","0","0","0","0","0","0"
"127","Trevor Lawrence","JAX","qb","8","@HST","15.8","22.249","32.7235","211.1158","1.3614","0.7489","2.6266","3.644","14.147","0.178","0","0","0","0","0","0","0.0841","0","0","0","0","0","0","0","0","0","0","0","0","0","0","0","0","0","0","0","0","0","0","0","0","0","0","0","0","0","0","0","0","0","0","0","0","0","0","0"
"128","T.J. Hockenson","MIN","te","6","BLT","8.1","0","0","0","0","0","0","0","0","0","4.9599","3.6185","31.8358","0.22","0","0","0.0117","0","0","0","0","0","0","0","0","0","0","0","0","0","0","0","0","0","0","0","0","0","0","0","0","0","0","0","0","0","0","0","0","0","0","0","0","0","0","0"
"129","Christian Kirk","HST","wr","6","JAX","7.5","0","0","0","0","0","0","0","0","0","5.0427","3.244","31.0768","0.1815","0","0","0.0098","0","0","0","0","0","0","0","0","0","0","0","0","0","0","0","0","0","0","0","0","0","0","0","0","0","0","0","0","0","0","0","0","0","0","0","0","0","0","0"
"130","Calvin Austin III","PIT","wr","5","@LAC","7.5","0","0","0","0","0","0","0","0","0","4.4023","2.7611","34.4095","0.2115","0","0","0.011","18.4849","0.0159","0","0","0","0","0","0","0","0","0","0","0","0","0","0","0","0","0","0","0","0","0","0","0","0","0","0","0","0","0","0","0","0","0","0","0","0","0"
"131","Jalen Coker","CAR","wr","14","NO","7.5","0","0","0","0","0","0","0","0","0","4.8597","3.16","30.3209","0.22","0","0","0.0121","0","0","0","0","0","0","0","0","0","0","0","0","0","0","0","0","0","0","0","0","0","0","0","0","0","0","0","0","0","0","0","0","0","0","0","0","0","0","0"
"132","Tyler Allgeier","ATL","rb","5","@IND","5.2","0","0","0","0","0","0","6.7429","27.2085","0.1938","0.8981","0.7377","5.0295","0.0209","0.116","0.0519","0.0095","0","0","0","0","0","0","0","0","0","0","0","0","0","0","0","0","0","0","0","0","0","0","0","0","0","0","0","0","0","0","0","0","0","0","0","0","0","0","0"
"133","Jacoby Brissett","ARZ","qb","8","@SEA","15.7","24.0746","34.1","225.053","1.2319","0.6268","2.9952","4.2923","14.8711","0.1246","0","0","0","0","0","0","0.0767","0","0","0","0","0","0","0","0","0","0","0","0","0","0","0","0","0","0","0","0","0","0","0","0","0","0","0","0","0","0","0","0","0","0","0","0","0","0","0"
"134","Mason Taylor","NYJ","te","9","CLV","7.9","0","0","0","0","0","0","0","0","0","4.8664","3.5272","29.181","0.24","0","0","0.0135","0","0","0","0","0","0","0","0","0","0","0","0","0","0","0","0","0","0","0","0","0","0","0","0","0","0","0","0","0","0","0","0","0","0","0","0","0","0","0"
"135","Jeremy McNichols","WAS","rb","12","DET","5","0","0","0","0","0","0","2.7859","12.5776","0.1127","2.035","1.6288","11.8345","0.05","0.0566","0.027","0.0093","0","0","0","0","0","0","0","0","0","0","0","0","0","0","0","0","0","0","0","0","0","0","0","0","0","0","0","0","0","0","0","0","0","0","0","0","0","0","0"
"136","Justice Hill","BLT","rb","7","@MIN","5","0","0","0","0","0","0","1.2243","5.4399","0.0392","2.5829","2.2403","14.4424","0.0964","0.0379","0.0191","0.0111","33.1186","0.0085","0","0","0","0","0","0","0","0","0","0","0","0","0","0","0","0","0","0","0","0","0","0","0","0","0","0","0","0","0","0","0","0","0","0","0","0","0"
"137","Jaret Patterson","LAC","rb","12","PIT","5","0","0","0","0","0","0","5.6778","18.6818","0.1289","1.5546","1.2664","8.7209","0.0422","0.0904","0.0413","0.0103","0","0","0","0","0","0","0","0","0","0","0","0","0","0","0","0","0","0","0","0","0","0","0","0","0","0","0","0","0","0","0","0","0","0","0","0","0","0","0"
"138","Luke Musgrave","GB","te","5","PHI","7.8","0","0","0","0","0","0","0","0","0","4.4286","3.3105","30.8732","0.2255","0","0","0.0135","0","0","0","0","0","0","0","0","0","0","0","0","0","0","0","0","0","0","0","0","0","0","0","0","0","0","0","0","0","0","0","0","0","0","0","0","0","0","0"
"139","Mack Hollins","NE","wr","14","@TB","7.2","0","0","0","0","0","0","0","0","0","4.0418","2.6818","30.5888","0.2343","0","0","0.0101","0","0","0","0","0","0","0","0","0","0","0","0","0","0","0","0","0","0","0","0","0","0","0","0","0","0","0","0","0","0","0","0","0","0","0","0","0","0","0"
"140","Rashod Bateman","BLT","wr","7","@MIN","7.2","0","0","0","0","0","0","0","0","0","3.9222","2.4903","30.3232","0.2782","0","0","0.0143","0","0","0","0","0","0","0","0","0","0","0","0","0","0","0","0","0","0","0","0","0","0","0","0","0","0","0","0","0","0","0","0","0","0","0","0","0","0","0"
"141","Chuba Hubbard","CAR","rb","14","NO","4.9","0","0","0","0","0","0","5.7824","21.4254","0.1359","1.3992","1.0616","6.2784","0.0482","0.086","0.0398","0.0085","0","0","0","0","0","0","0","0","0","0","0","0","0","0","0","0","0","0","0","0","0","0","0","0","0","0","0","0","0","0","0","0","0","0","0","0","0","0","0"
"142","Justin Fields","NYJ","qb","9","CLV","15.5","17.2898","24.4018","163.5825","1.0042","0.4985","3.254","7.8168","38.9718","0.2402","0","0","0","0","0","0","0.072","0","0","0","0","0","0","0","0","0","0","0","0","0","0","0","0","0","0","0","0","0","0","0","0","0","0","0","0","0","0","0","0","0","0","0","0","0","0","0"
"143","David Njoku","CLV","te","9","@NYJ","7.7","0","0","0","0","0","0","0","0","0","4.7265","3.3826","30.5205","0.205","0","0","0.0108","0","0","0","0","0","0","0","0","0","0","0","0","0","0","0","0","0","0","0","0","0","0","0","0","0","0","0","0","0","0","0","0","0","0","0","0","0","0","0"
"144","J.J. McCarthy","MIN","qb","6","BLT","15.4","21.5364","31.6759","212.2997","1.2929","0.91","3.1389","4.4972","17.173","0.1326","0","0","0","0","0","0","0.0778","0","0","0","0","0","0","0","0","0","0","0","0","0","0","0","0","0","0","0","0","0","0","0","0","0","0","0","0","0","0","0","0","0","0","0","0","0","0","0"
"145","Devin Neal","NO","rb","11","@CAR","4.8","0","0","0","0","0","0","5.356","22.0823","0.1444","1.227","0.9807","6.1984","0.0282","0.083","0.0377","0.0086","32.7804","0.0084","0","0","0","0","0","0","0","0","0","0","0","0","0","0","0","0","0","0","0","0","0","0","0","0","0","0","0","0","0","0","0","0","0","0","0","0","0"
"146","Marcus Mariota","WAS","qb","12","DET","15.3","21.3265","30.5613","211.1825","1.4322","0.7788","2.9211","2.4269","17.5876","0.0018","0","0","0","0","0","0","0.088","0","0","0","0","0","0","0","0","0","0","0","0","0","0","0","0","0","0","0","0","0","0","0","0","0","0","0","0","0","0","0","0","0","0","0","0","0","0","0"
"147","Olamide Zaccheaus","CHI","wr","5","NYG","7","0","0","0","0","0","0","0","0","0","4.3975","3.1887","28.8462","0.1576","0","0","0.0122","0","0","0","0","0","0","0","0","0","0","0","0","0","0","0","0","0","0","0","0","0","0","0","0","0","0","0","0","0","0","0","0","0","0","0","0","0","0","0"
"148","Ollie Gordon II","MIA","rb","12","BUF","4.6","0","0","0","0","0","0","4.2852","17.0975","0.14","1.291","1.0663","7.4426","0.0395","0.0694","0.0318","0.0092","0","0","0","0","0","0","0","0","0","0","0","0","0","0","0","0","0","0","0","0","0","0","0","0","0","0","0","0","0","0","0","0","0","0","0","0","0","0","0"
"149","Dylan Sampson","CLV","rb","9","@NYJ","4.6","0","0","0","0","0","0","3.8594","14.6283","0.1029","1.703","1.3831","8.6144","0.0477","0.0671","0.0312","0.0074","22.6981","0.0058","0","0","0","0","0","0","0","0","0","0","0","0","0","0","0","0","0","0","0","0","0","0","0","0","0","0","0","0","0","0","0","0","0","0","0","0","0"
"150","Tua Tagovailoa","MIA","qb","12","BUF","15.2","23.1932","31.5417","220.334","1.5181","0.7765","2.2583","1.6542","7.2345","0.0314","0","0","0","0","0","0","0.0781","0","0","0","0","0","0","0","0","0","0","0","0","0","0","0","0","0","0","0","0","0","0","0","0","0","0","0","0","0","0","0","0","0","0","0","0","0","0","0"
"151","Sterling Shepard","TB","wr","9","NE","6.8","0","0","0","0","0","0","0","0","0","3.9889","2.9346","27.3409","0.1876","0","0","0.0109","0","0","0","0","0","0","0","0","0","0","0","0","0","0","0","0","0","0","0","0","0","0","0","0","0","0","0","0","0","0","0","0","0","0","0","0","0","0","0"
"152","Matthew Golden","GB","wr","5","PHI","6.8","0","0","0","0","0","0","0","0","0","4.1916","2.7492","29.733","0.18","0","0","0.0127","17.7789","0.0153","0","0","0","0","0","0","0","0","0","0","0","0","0","0","0","0","0","0","0","0","0","0","0","0","0","0","0","0","0","0","0","0","0","0","0","0","0"
"153","Chris Rodriguez Jr.","WAS","rb","12","DET","4.4","0","0","0","0","0","0","5.0996","22.3802","0.1867","0.6797","0.5494","3.8234","0.0205","0.056","0.0253","0.0083","0","0","0","0","0","0","0","0","0","0","0","0","0","0","0","0","0","0","0","0","0","0","0","0","0","0","0","0","0","0","0","0","0","0","0","0","0","0","0"
"154","Evan Engram","DEN","te","12","LV","7.2","0","0","0","0","0","0","0","0","0","4.3503","3.3511","28.7432","0.1541","0","0","0.0115","0","0","0","0","0","0","0","0","0","0","0","0","0","0","0","0","0","0","0","0","0","0","0","0","0","0","0","0","0","0","0","0","0","0","0","0","0","0","0"
"155","Aaron Rodgers","PIT","qb","5","@LAC","14.9","22.3362","31.3319","210.3979","1.4908","0.5248","1.8752","1.782","6.8632","0.0388","0","0","0","0","0","0","0.0789","0","0","0","0","0","0","0","0","0","0","0","0","0","0","0","0","0","0","0","0","0","0","0","0","0","0","0","0","0","0","0","0","0","0","0","0","0","0","0"
"156","Michael Penix Jr.","ATL","qb","5","@IND","14.9","22.5312","33.1326","225.3677","1.2308","0.6656","1.603","2.7759","11.9933","0.0417","0","0","0","0","0","0","0.0747","0","0","0","0","0","0","0","0","0","0","0","0","0","0","0","0","0","0","0","0","0","0","0","0","0","0","0","0","0","0","0","0","0","0","0","0","0","0","0"
"157","Michael Wilson","ARZ","wr","8","@SEA","6.6","0","0","0","0","0","0","0","0","0","4.0634","2.5755","30.9265","0.1574","0","0","0.0088","0","0","0","0","0","0","0","0","0","0","0","0","0","0","0","0","0","0","0","0","0","0","0","0","0","0","0","0","0","0","0","0","0","0","0","0","0","0","0"
"158","Jerome Ford","CLV","rb","9","@NYJ","4.3","0","0","0","0","0","0","2.1904","9.3171","0.0595","2.1296","1.6836","10.9738","0.0452","0.0498","0.0241","0.0069","42.7142","0.0109","0","0","0","0","0","0","0","0","0","0","0","0","0","0","0","0","0","0","0","0","0","0","0","0","0","0","0","0","0","0","0","0","0","0","0","0","0"
"159","Cedric Tillman","CLV","wr","9","@NYJ","6.5","0","0","0","0","0","0","0","0","0","4.4644","2.5951","27.8645","0.1853","0","0","0.0102","0","0","0","0","0","0","0","0","0","0","0","0","0","0","0","0","0","0","0","0","0","0","0","0","0","0","0","0","0","0","0","0","0","0","0","0","0","0","0"
"160","Brian Robinson","SF","rb","14","LA","4.2","0","0","0","0","0","0","5.9978","19.3032","0.175","0.8033","0.6644","4.3379","0.0224","0.0883","0.0396","0.0082","0","0","0","0","0","0","0","0","0","0","0","0","0","0","0","0","0","0","0","0","0","0","0","0","0","0","0","0","0","0","0","0","0","0","0","0","0","0","0"
"161","Raheem Mostert","LV","rb","8","@DEN","4.1","0","0","0","0","0","0","2.7668","10.9077","0.0764","1.6143","1.3247","9.0651","0.0474","0.0517","0.0243","0.0065","31.8506","0.0081","0","0","0","0","0","0","0","0","0","0","0","0","0","0","0","0","0","0","0","0","0","0","0","0","0","0","0","0","0","0","0","0","0","0","0","0","0"
"162","Michael Carter","ARZ","rb","8","@SEA","4.1","0","0","0","0","0","0","3.3783","12.7325","0.0904","1.5414","1.2206","8.5228","0.031","0.0588","0.0274","0.0071","0","0","0","0","0","0","0","0","0","0","0","0","0","0","0","0","0","0","0","0","0","0","0","0","0","0","0","0","0","0","0","0","0","0","0","0","0","0","0"
"163","AJ Barner","SEA","te","8","ARZ","6.9","0","0","0","0","0","0","0","0","0","3.4468","2.6409","26.1962","0.2621","0","0","0.0106","0","0","0","0","0","0","0","0","0","0","0","0","0","0","0","0","0","0","0","0","0","0","0","0","0","0","0","0","0","0","0","0","0","0","0","0","0","0","0"
"164","Colston Loveland","CHI","te","5","NYG","6.9","0","0","0","0","0","0","0","0","0","4.1124","2.7766","29.1499","0.2014","0","0","0.0114","0","0","0","0","0","0","0","0","0","0","0","0","0","0","0","0","0","0","0","0","0","0","0","0","0","0","0","0","0","0","0","0","0","0","0","0","0","0","0"
"165","Geno Smith","LV","qb","8","@DEN","14.5","22.7305","31.1421","215.1005","1.2751","0.7074","2.574","2.9044","11.0666","0.0382","0","0","0","0","0","0","0.0657","0","0","0","0","0","0","0","0","0","0","0","0","0","0","0","0","0","0","0","0","0","0","0","0","0","0","0","0","0","0","0","0","0","0","0","0","0","0","0"
"166","Jonnu Smith","PIT","te","5","@LAC","6.7","0","0","0","0","0","0","0","0","0","3.6548","2.801","25.7594","0.2218","0","0","0.0092","0","0","0","0","0","0","0","0","0","0","0","0","0","0","0","0","0","0","0","0","0","0","0","0","0","0","0","0","0","0","0","0","0","0","0","0","0","0","0"
"167","Brandin Cooks","NO","wr","11","@CAR","6","0","0","0","0","0","0","0","0","0","4.1978","2.5876","23.5273","0.1665","0","0","0.0096","0","0","0","0","0","0","0","0","0","0","0","0","0","0","0","0","0","0","0","0","0","0","0","0","0","0","0","0","0","0","0","0","0","0","0","0","0","0","0"
"168","Chris Moore","WAS","wr","12","DET","6","0","0","0","0","0","0","0","0","0","3.6449","2.1593","27.5463","0.1754","0","0","0.0105","0","0","0","0","0","0","0","0","0","0","0","0","0","0","0","0","0","0","0","0","0","0","0","0","0","0","0","0","0","0","0","0","0","0","0","0","0","0","0"
"169","Ray Davis","BUF","rb","7","@MIA","3.7","0","0","0","0","0","0","3.381","15.4907","0.1076","0.8742","0.7044","5.2807","0.0432","0.0533","0.0243","0.0078","0","0","0","0","0","0","0","0","0","0","0","0","0","0","0","0","0","0","0","0","0","0","0","0","0","0","0","0","0","0","0","0","0","0","0","0","0","0","0"
"170","Isaiah Likely","BLT","te","7","@MIN","6.5","0","0","0","0","0","0","0","0","0","3.1582","2.3547","25.9725","0.2472","0","0","0.0115","0","0","0","0","0","0","0","0","0","0","0","0","0","0","0","0","0","0","0","0","0","0","0","0","0","0","0","0","0","0","0","0","0","0","0","0","0","0","0"
"171","Bryce Young","CAR","qb","14","NO","14.1","19.9908","29.4593","183.4041","1.3243","0.6033","2.0163","3.716","16.2808","0.0418","0","0","0","0","0","0","0.0748","0","0","0","0","0","0","0","0","0","0","0","0","0","0","0","0","0","0","0","0","0","0","0","0","0","0","0","0","0","0","0","0","0","0","0","0","0","0","0"
"172","Taysom Hill","NO","te","11","@CAR","6.3","0.2988","0.4423","2.9489","0.0151","0.0116","0.0316","4.4252","24.6685","0.3372","0.9949","0.7587","6.1753","0.0401","0.072","0.0329","0.0081","0","0","0","0","0","0","0","0","0","0","0","0","0","0","0","0","0","0","0","0","0","0","0","0","0","0","0","0","0","0","0","0","0","0","0","0","0","0","0"
"173","Ty Johnson","BUF","rb","7","@MIA","3.3","0","0","0","0","0","0","2.2991","10.9077","0.0769","1.0616","0.829","6.6485","0.042","0.04","0.0186","0.007","30.6089","0.0078","0","0","0","0","0","0","0","0","0","0","0","0","0","0","0","0","0","0","0","0","0","0","0","0","0","0","0","0","0","0","0","0","0","0","0","0","0"
"174","Greg Dulcich","MIA","te","12","BUF","6.1","0","0","0","0","0","0","0","0","0","3.6289","2.5972","23.6625","0.1941","0","0","0.009","0","0","0","0","0","0","0","0","0","0","0","0","0","0","0","0","0","0","0","0","0","0","0","0","0","0","0","0","0","0","0","0","0","0","0","0","0","0","0"
"175","Pat Freiermuth","PIT","te","5","@LAC","6","0","0","0","0","0","0","0","0","0","3.2814","2.4544","22.9761","0.2058","0","0","0.0082","0","0","0","0","0","0","0","0","0","0","0","0","0","0","0","0","0","0","0","0","0","0","0","0","0","0","0","0","0","0","0","0","0","0","0","0","0","0","0"
"176","Cody White","SEA","wr","8","ARZ","5.4","0","0","0","0","0","0","0","0","0","2.9452","1.8963","25.2365","0.1522","0","0","0.0091","0","0","0","0","0","0","0","0","0","0","0","0","0","0","0","0","0","0","0","0","0","0","0","0","0","0","0","0","0","0","0","0","0","0","0","0","0","0","0"
"177","Tyler Higbee","LA","te","8","@SF","5.9","0","0","0","0","0","0","0","0","0","3.2928","2.5457","21.7915","0.1875","0","0","0.0089","0","0","0","0","0","0","0","0","0","0","0","0","0","0","0","0","0","0","0","0","0","0","0","0","0","0","0","0","0","0","0","0","0","0","0","0","0","0","0"
"178","Treylon Burks","WAS","wr","12","DET","5.2","0","0","0","0","0","0","0","0","0","3.0896","1.9011","24.1887","0.1409","0","0","0.0089","0","0","0","0","0","0","0","0","0","0","0","0","0","0","0","0","0","0","0","0","0","0","0","0","0","0","0","0","0","0","0","0","0","0","0","0","0","0","0"
"179","Davis Mills","HST","qb","6","JAX","13.4","21.9028","32.8394","206.904","1.1521","0.7444","2.192","2.1381","8.872","0.0327","0","0","0","0","0","0","0.0647","0","0","0","0","0","0","0","0","0","0","0","0","0","0","0","0","0","0","0","0","0","0","0","0","0","0","0","0","0","0","0","0","0","0","0","0","0","0","0"
"180","Jaylin Noel","HST","wr","6","JAX","5.1","0","0","0","0","0","0","0.7375","3.9706","0.0269","2.9821","1.8874","19.9917","0.1153","0.0303","0.0156","0.0065","65.6023","0.0308","0","0","0","0","0","0","0","0","0","0","0","0","0","0","0","0","0","0","0","0","0","0","0","0","0","0","0","0","0","0","0","0","0","0","0","0","0"
"181","Tank Bigsby","PHI","rb","9","@GB","2.8","0","0","0","0","0","0","2.392","10.6278","0.0868","0.809","0.6774","4.2803","0.0199","0.0397","0.0183","0.0059","34.7708","0.0089","0","0","0","0","0","0","0","0","0","0","0","0","0","0","0","0","0","0","0","0","0","0","0","0","0","0","0","0","0","0","0","0","0","0","0","0","0"
"182","Devaughn Vele","NO","wr","11","@CAR","5","0","0","0","0","0","0","0","0","0","3.3017","2.2109","19.8827","0.1289","0","0","0.0076","0","0","0","0","0","0","0","0","0","0","0","0","0","0","0","0","0","0","0","0","0","0","0","0","0","0","0","0","0","0","0","0","0","0","0","0","0","0","0"
"183","Johnny Mundt","JAX","te","8","@HST","5.5","0","0","0","0","0","0","0","0","0","3.4494","2.6369","18.4751","0.1718","0","0","0.0087","0","0","0","0","0","0","0","0","0","0","0","0","0","0","0","0","0","0","0","0","0","0","0","0","0","0","0","0","0","0","0","0","0","0","0","0","0","0","0"
"184","Jayden Higgins","HST","wr","6","JAX","4.9","0","0","0","0","0","0","0","0","0","3.1242","1.9413","21.37","0.134","0","0","0.0061","0","0","0","0","0","0","0","0","0","0","0","0","0","0","0","0","0","0","0","0","0","0","0","0","0","0","0","0","0","0","0","0","0","0","0","0","0","0","0"
"185","Chris Brooks","GB","rb","5","PHI","2.6","0","0","0","0","0","0","1.2894","5.4839","0.0409","1.1552","0.9659","6.4836","0.0353","0.0278","0.0134","0.0052","0","0","0","0","0","0","0","0","0","0","0","0","0","0","0","0","0","0","0","0","0","0","0","0","0","0","0","0","0","0","0","0","0","0","0","0","0","0","0"
"186","Tyler Shough","NO","qb","11","@CAR","13.2","21.0594","31.5034","191.6416","1.0275","0.7921","1.911","3.4249","15.5","0.0828","0","0","0","0","0","0","0.0744","0","0","0","0","0","0","0","0","0","0","0","0","0","0","0","0","0","0","0","0","0","0","0","0","0","0","0","0","0","0","0","0","0","0","0","0","0","0","0"
"187","Michael Mayer","LV","te","8","@DEN","5.4","0","0","0","0","0","0","0","0","0","3.0723","2.3603","21.5676","0.1426","0","0","0.0064","0","0","0","0","0","0","0","0","0","0","0","0","0","0","0","0","0","0","0","0","0","0","0","0","0","0","0","0","0","0","0","0","0","0","0","0","0","0","0"
"188","DeAndre Hopkins","BLT","wr","7","@MIN","4.8","0","0","0","0","0","0","0","0","0","2.9188","1.8289","18.5892","0.1814","0","0","0.0107","0","0","0","0","0","0","0","0","0","0","0","0","0","0","0","0","0","0","0","0","0","0","0","0","0","0","0","0","0","0","0","0","0","0","0","0","0","0","0"
"189","Xavier Hutchinson","HST","wr","6","JAX","4.8","0","0","0","0","0","0","0","0","0","3.1227","1.9185","21.4993","0.1254","0","0","0.0061","0","0","0","0","0","0","0","0","0","0","0","0","0","0","0","0","0","0","0","0","0","0","0","0","0","0","0","0","0","0","0","0","0","0","0","0","0","0","0"
"190","Pat Bryant","DEN","wr","12","LV","4.8","0","0","0","0","0","0","0","0","0","2.8559","1.7596","22.0268","0.1375","0","0","0.0076","0","0","0","0","0","0","0","0","0","0","0","0","0","0","0","0","0","0","0","0","0","0","0","0","0","0","0","0","0","0","0","0","0","0","0","0","0","0","0"
"191","Jack Bech","LV","wr","8","@DEN","4.8","0","0","0","0","0","0","0","0","0","3.0397","1.9243","20.9872","0.1211","0","0","0.0063","0","0","0","0","0","0","0","0","0","0","0","0","0","0","0","0","0","0","0","0","0","0","0","0","0","0","0","0","0","0","0","0","0","0","0","0","0","0","0"
"192","Kyle Juszczyk","SF","rb","14","LA","2.5","0","0","0","0","0","0","0.9379","3.7426","0.0267","1.2781","0.9867","7.9972","0.0387","0.0233","0.0115","0.0039","0","0","0","0","0","0","0","0","0","0","0","0","0","0","0","0","0","0","0","0","0","0","0","0","0","0","0","0","0","0","0","0","0","0","0","0","0","0","0"
"193","Tyler Badie","DEN","rb","12","LV","2.4","0","0","0","0","0","0","1.1557","4.9242","0.0296","1.141","0.9046","6.1654","0.0323","0.0254","0.0123","0.0043","0","0","0","0","0","0","0","0","0","0","0","0","0","0","0","0","0","0","0","0","0","0","0","0","0","0","0","0","0","0","0","0","0","0","0","0","0","0","0"
"194","Tyler Lockett","LV","wr","8","@DEN","4.6","0","0","0","0","0","0","0","0","0","2.9197","1.8946","20.1792","0.1194","0","0","0.006","0","0","0","0","0","0","0","0","0","0","0","0","0","0","0","0","0","0","0","0","0","0","0","0","0","0","0","0","0","0","0","0","0","0","0","0","0","0","0"
"195","Jalen Nailor","MIN","wr","6","BLT","4.5","0","0","0","0","0","0","0.1028","0.609","0.0037","2.6862","1.5976","20.3856","0.1323","0.0197","0.0107","0.0064","0","0","0","0","0","0","0","0","0","0","0","0","0","0","0","0","0","0","0","0","0","0","0","0","0","0","0","0","0","0","0","0","0","0","0","0","0","0","0"
"196","Dontayvion Wicks","GB","wr","5","PHI","4.5","0","0","0","0","0","0","0","0","0","2.6074","1.6454","20.3018","0.1349","0","0","0.0079","0","0","0","0","0","0","0","0","0","0","0","0","0","0","0","0","0","0","0","0","0","0","0","0","0","0","0","0","0","0","0","0","0","0","0","0","0","0","0"
"197","Elijah Arroyo","SEA","te","8","ARZ","5","0","0","0","0","0","0","0","0","0","2.6802","2.0224","19.926","0.1588","0","0","0.0083","0","0","0","0","0","0","0","0","0","0","0","0","0","0","0","0","0","0","0","0","0","0","0","0","0","0","0","0","0","0","0","0","0","0","0","0","0","0","0"
"198","Greg Dortch","ARZ","wr","8","@SEA","4.4","0","0","0","0","0","0","0.2027","1.0139","0.0106","2.832","2.1246","15.1034","0.099","0.0256","0.0138","0.0064","61.2183","0.0267","0","0","0","0","0","0","0","0","0","0","0","0","0","0","0","0","0","0","0","0","0","0","0","0","0","0","0","0","0","0","0","0","0","0","0","0","0"
"199","Nick Westbrook-Ikhine","MIA","wr","12","BUF","4.4","0","0","0","0","0","0","0","0","0","2.5322","1.6225","18.801","0.1521","0","0","0.0062","0","0","0","0","0","0","0","0","0","0","0","0","0","0","0","0","0","0","0","0","0","0","0","0","0","0","0","0","0","0","0","0","0","0","0","0","0","0","0"
"200","LeQuint Allen","JAX","rb","8","@HST","2.1","0","0","0","0","0","0","1.4142","5.6869","0.0398","0.8891","0.7175","4.6434","0.0246","0.0269","0.0127","0.0038","26.9594","0.0069","0","0","0","0","0","0","0","0","0","0","0","0","0","0","0","0","0","0","0","0","0","0","0","0","0","0","0","0","0","0","0","0","0","0","0","0","0"
"201","Ja'Tavion Sanders","CAR","te","14","NO","4.9","0","0","0","0","0","0","0","0","0","3.0024","2.2557","17.6153","0.145","0","0","0.0075","0","0","0","0","0","0","0","0","0","0","0","0","0","0","0","0","0","0","0","0","0","0","0","0","0","0","0","0","0","0","0","0","0","0","0","0","0","0","0"
"202","Will Shipley","PHI","rb","9","@GB","1.9","0","0","0","0","0","0","1.0024","4.1972","0.0312","0.8379","0.6933","4.5524","0.0242","0.021","0.0101","0.0041","46.0915","0.0118","0","0","0","0","0","0","0","0","0","0","0","0","0","0","0","0","0","0","0","0","0","0","0","0","0","0","0","0","0","0","0","0","0","0","0","0","0"
"203","Demarcus Robinson","SF","wr","14","LA","4.1","0","0","0","0","0","0","0","0","0","2.6515","1.5934","16.9036","0.1279","0","0","0.0059","0","0","0","0","0","0","0","0","0","0","0","0","0","0","0","0","0","0","0","0","0","0","0","0","0","0","0","0","0","0","0","0","0","0","0","0","0","0","0"
"204","Ray-Ray McCloud III","NYG","wr","14","@CHI","4","0","0","0","0","0","0","0","0","0","2.3036","1.6291","17.6407","0.1035","0","0","0.0069","0","0","0","0","0","0","0","0","0","0","0","0","0","0","0","0","0","0","0","0","0","0","0","0","0","0","0","0","0","0","0","0","0","0","0","0","0","0","0"
"205","Kameron Johnson","TB","wr","9","NE","4","0","0","0","0","0","0","0","0","0","2.3529","1.5141","17.7995","0.1197","0","0","0.0065","55.6315","0.024","0","0","0","0","0","0","0","0","0","0","0","0","0","0","0","0","0","0","0","0","0","0","0","0","0","0","0","0","0","0","0","0","0","0","0","0","0"
"206","Zay Jones","ARZ","wr","8","@SEA","3.9","0","0","0","0","0","0","0","0","0","2.6323","1.6588","17.0074","0.0941","0","0","0.0057","0","0","0","0","0","0","0","0","0","0","0","0","0","0","0","0","0","0","0","0","0","0","0","0","0","0","0","0","0","0","0","0","0","0","0","0","0","0","0"
"207","Jordan Whittington","LA","wr","8","@SF","3.9","0","0","0","0","0","0","0","0","0","2.2368","1.601","17.5045","0.0859","0","0","0.0061","30.0521","0.0077","0","0","0","0","0","0","0","0","0","0","0","0","0","0","0","0","0","0","0","0","0","0","0","0","0","0","0","0","0","0","0","0","0","0","0","0","0"
"208","Kyle Williams","NE","wr","14","@TB","3.9","0","0","0","0","0","0","0","0","0","2.3557","1.4999","17.8189","0.1083","0","0","0.0059","0","0","0","0","0","0","0","0","0","0","0","0","0","0","0","0","0","0","0","0","0","0","0","0","0","0","0","0","0","0","0","0","0","0","0","0","0","0","0"
"209","Keaton Mitchell","BLT","rb","7","@MIN","1.6","0","0","0","0","0","0","2.1845","9.5793","0.0666","0.1652","0.1388","1.0119","0.005","0.031","0.0138","0.0035","0","0","0","0","0","0","0","0","0","0","0","0","0","0","0","0","0","0","0","0","0","0","0","0","0","0","0","0","0","0","0","0","0","0","0","0","0","0","0"
"210","Dillon Gabriel","CLV","qb","9","@NYJ","12.2","21.4097","31.8083","184.8406","1.0531","0.8328","2.3918","2.1773","10.7522","0.0411","0","0","0","0","0","0","0.0738","0","0","0","0","0","0","0","0","0","0","0","0","0","0","0","0","0","0","0","0","0","0","0","0","0","0","0","0","0","0","0","0","0","0","0","0","0","0","0"
"211","Julian Hill","MIA","te","12","BUF","4.4","0","0","0","0","0","0","0","0","0","2.6724","1.9141","16.7303","0.1346","0","0","0.0066","0","0","0","0","0","0","0","0","0","0","0","0","0","0","0","0","0","0","0","0","0","0","0","0","0","0","0","0","0","0","0","0","0","0","0","0","0","0","0"
"212","Elijah Moore","BUF","wr","7","@MIA","3.8","0","0","0","0","0","0","1.0278","6.4849","0.0657","1.6235","1.0743","12.4094","0.0669","0.0255","0.0125","0.0074","0","0","0","0","0","0","0","0","0","0","0","0","0","0","0","0","0","0","0","0","0","0","0","0","0","0","0","0","0","0","0","0","0","0","0","0","0","0","0"
"213","Roman Wilson","PIT","wr","5","@LAC","3.7","0","0","0","0","0","0","0","0","0","2.4426","1.5729","14.1819","0.1089","0","0","0.0061","0","0","0","0","0","0","0","0","0","0","0","0","0","0","0","0","0","0","0","0","0","0","0","0","0","0","0","0","0","0","0","0","0","0","0","0","0","0","0"
"214","Tim Patrick","JAX","wr","8","@HST","3.6","0","0","0","0","0","0","0","0","0","2.3437","1.4749","13.9329","0.1166","0","0","0.0059","0","0","0","0","0","0","0","0","0","0","0","0","0","0","0","0","0","0","0","0","0","0","0","0","0","0","0","0","0","0","0","0","0","0","0","0","0","0","0"
"215","Tre Harris","LAC","wr","12","PIT","3.6","0","0","0","0","0","0","0","0","0","2.2601","1.5461","14.2709","0.0992","0","0","0.0055","0","0","0","0","0","0","0","0","0","0","0","0","0","0","0","0","0","0","0","0","0","0","0","0","0","0","0","0","0","0","0","0","0","0","0","0","0","0","0"
"216","Darnell Washington","PIT","te","5","@LAC","4.1","0","0","0","0","0","0","0","0","0","2.4252","1.7156","15.5887","0.1305","0","0","0.0061","0","0","0","0","0","0","0","0","0","0","0","0","0","0","0","0","0","0","0","0","0","0","0","0","0","0","0","0","0","0","0","0","0","0","0","0","0","0","0"
"217","Jordan Watkins","SF","wr","14","LA","3.5","0","0","0","0","0","0","0","0","0","2.1909","1.3902","16.2805","0.0834","0","0","0.0049","0","0","0","0","0","0","0","0","0","0","0","0","0","0","0","0","0","0","0","0","0","0","0","0","0","0","0","0","0","0","0","0","0","0","0","0","0","0","0"
"218","Ameer Abdullah","IND","rb","11","ATL","1.2","0","0","0","0","0","0","1.3028","5.7615","0.0476","0.2326","0.1884","1.328","0.0076","0.0197","0.0089","0.0024","0","0","0","0","0","0","0","0","0","0","0","0","0","0","0","0","0","0","0","0","0","0","0","0","0","0","0","0","0","0","0","0","0","0","0","0","0","0","0"
"219","Dare Ogunbowale","HST","rb","6","JAX","1.2","0","0","0","0","0","0","1.2292","4.9451","0.0249","0.355","0.2761","1.8284","0.0091","0.0196","0.009","0.0018","0","0","0","0","0","0","0","0","0","0","0","0","0","0","0","0","0","0","0","0","0","0","0","0","0","0","0","0","0","0","0","0","0","0","0","0","0","0","0"
"220","Kaleb Johnson","PIT","rb","5","@LAC","1.2","0","0","0","0","0","0","1.3395","5.4784","0.034","0.3333","0.2692","1.791","0.0089","0.021","0.0096","0.0025","0","0","0","0","0","0","0","0","0","0","0","0","0","0","0","0","0","0","0","0","0","0","0","0","0","0","0","0","0","0","0","0","0","0","0","0","0","0","0"
"221","Austin Hooper","NE","te","14","@TB","4","0","0","0","0","0","0","0","0","0","2.1303","1.6234","16.4645","0.1162","0","0","0.0053","0","0","0","0","0","0","0","0","0","0","0","0","0","0","0","0","0","0","0","0","0","0","0","0","0","0","0","0","0","0","0","0","0","0","0","0","0","0","0"
"222","Jahan Dotson","PHI","wr","9","@GB","3.4","0","0","0","0","0","0","0","0","0","2.3402","1.5093","12.4294","0.1096","0","0","0.0077","18.2371","0.0157","0","0","0","0","0","0","0","0","0","0","0","0","0","0","0","0","0","0","0","0","0","0","0","0","0","0","0","0","0","0","0","0","0","0","0","0","0"
"223","Dawson Knox","BUF","te","7","@MIA","3.9","0","0","0","0","0","0","0","0","0","2.2993","1.5911","14.2063","0.1479","0","0","0.0085","0","0","0","0","0","0","0","0","0","0","0","0","0","0","0","0","0","0","0","0","0","0","0","0","0","0","0","0","0","0","0","0","0","0","0","0","0","0","0"
"224","Quintin Morris","JAX","te","8","@HST","3.9","0","0","0","0","0","0","0","0","0","2.2761","1.6317","14.6952","0.1238","0","0","0.0057","0","0","0","0","0","0","0","0","0","0","0","0","0","0","0","0","0","0","0","0","0","0","0","0","0","0","0","0","0","0","0","0","0","0","0","0","0","0","0"
"225","Isaac TeSlaa","DET","wr","8","@WAS","3.3","0","0","0","0","0","0","0","0","0","1.7827","1.1074","14.7889","0.1164","0","0","0.0065","0","0","0","0","0","0","0","0","0","0","0","0","0","0","0","0","0","0","0","0","0","0","0","0","0","0","0","0","0","0","0","0","0","0","0","0","0","0","0"
"226","Jamari Thrash","CLV","wr","9","@NYJ","3.2","0","0","0","0","0","0","0","0","0","2.2974","1.4618","13.0374","0.0752","0","0","0.0053","0","0","0","0","0","0","0","0","0","0","0","0","0","0","0","0","0","0","0","0","0","0","0","0","0","0","0","0","0","0","0","0","0","0","0","0","0","0","0"
"227","Tyler Johnson","NYJ","wr","9","CLV","3.1","0","0","0","0","0","0","0","0","0","1.8333","1.3011","12.5853","0.0845","0","0","0.0051","0","0","0","0","0","0","0","0","0","0","0","0","0","0","0","0","0","0","0","0","0","0","0","0","0","0","0","0","0","0","0","0","0","0","0","0","0","0","0"
"228","Jimmy Horn Jr.","CAR","wr","14","NO","3","0","0","0","0","0","0","0","0","0","1.9057","1.2066","12.8745","0.0833","0","0","0.0048","0","0","0","0","0","0","0","0","0","0","0","0","0","0","0","0","0","0","0","0","0","0","0","0","0","0","0","0","0","0","0","0","0","0","0","0","0","0","0"
"229","Adonai Mitchell","NYJ","wr","9","CLV","3","0","0","0","0","0","0","0","0","0","1.9598","1.2288","13.1908","0.08","0","0","0.0054","0","0","0","0","0","0","0","0","0","0","0","0","0","0","0","0","0","0","0","0","0","0","0","0","0","0","0","0","0","0","0","0","0","0","0","0","0","0","0"
"230","Zavier Scott","MIN","rb","6","BLT","0.7","0","0","0","0","0","0","0.4114","1.6651","0.01","0.3201","0.253","1.6971","0.0095","0.0083","0.004","0.0012","0","0","0","0","0","0","0","0","0","0","0","0","0","0","0","0","0","0","0","0","0","0","0","0","0","0","0","0","0","0","0","0","0","0","0","0","0","0","0"
"231","British Brooks","HST","rb","6","JAX","0.7","0","0","0","0","0","0","0.7375","2.9567","0.0186","0.1775","0.1394","0.9143","0.0046","0.0115","0.0052","0.001","0","0","0","0","0","0","0","0","0","0","0","0","0","0","0","0","0","0","0","0","0","0","0","0","0","0","0","0","0","0","0","0","0","0","0","0","0","0","0"
"232","Trevor Etienne","CAR","rb","14","NO","0.7","0","0","0","0","0","0","0.0274","0.1154","0.0007","0.4466","0.3571","2.3187","0.0124","0.0042","0.0023","0.0011","52.9191","0.0254","0","0","0","0","0","0","0","0","0","0","0","0","0","0","0","0","0","0","0","0","0","0","0","0","0","0","0","0","0","0","0","0","0","0","0","0","0"
"233","Elijah Higgins","ARZ","te","8","@SEA","3.5","0","0","0","0","0","0","0","0","0","2.1933","1.6655","12.4283","0.0891","0","0","0.0048","0","0","0","0","0","0","0","0","0","0","0","0","0","0","0","0","0","0","0","0","0","0","0","0","0","0","0","0","0","0","0","0","0","0","0","0","0","0","0"
"234","Joshua Palmer","BUF","wr","7","@MIA","2.9","0","0","0","0","0","0","0","0","0","1.6548","1.066","13.6077","0.0795","0","0","0.0061","0","0","0","0","0","0","0","0","0","0","0","0","0","0","0","0","0","0","0","0","0","0","0","0","0","0","0","0","0","0","0","0","0","0","0","0","0","0","0"
"235","Luther Burden III","CHI","wr","5","NYG","2.9","0","0","0","0","0","0","0","0","0","1.8452","1.3183","11.4112","0.0751","0","0","0.0051","9.7653","0.0025","0","0","0","0","0","0","0","0","0","0","0","0","0","0","0","0","0","0","0","0","0","0","0","0","0","0","0","0","0","0","0","0","0","0","0","0","0"
"236","Alec Ingold","MIA","rb","12","BUF","0.6","0","0","0","0","0","0","0.1153","0.494","0.0036","0.3737","0.2989","2.2009","0.0098","0.0048","0.0025","0.0011","0","0","0","0","0","0","0","0","0","0","0","0","0","0","0","0","0","0","0","0","0","0","0","0","0","0","0","0","0","0","0","0","0","0","0","0","0","0","0"
"237","Adam Prentice","DEN","rb","12","LV","0.6","0","0","0","0","0","0","0.6304","2.649","0.0164","0.1678","0.133","0.9014","0.0044","0.01","0.0045","0.0011","0","0","0","0","0","0","0","0","0","0","0","0","0","0","0","0","0","0","0","0","0","0","0","0","0","0","0","0","0","0","0","0","0","0","0","0","0","0","0"
"238","Curtis Samuel","BUF","wr","7","@MIA","2.8","0","0","0","0","0","0","0","0","0","1.5299","1.1218","11.7984","0.0859","0","0","0.0056","0","0","0","0","0","0","0","0","0","0","0","0","0","0","0","0","0","0","0","0","0","0","0","0","0","0","0","0","0","0","0","0","0","0","0","0","0","0","0"
"239","Roschon Johnson","CHI","rb","5","NYG","0.5","0","0","0","0","0","0","0.401","1.8774","0.0145","0.1546","0.1258","0.8397","0.0034","0.0068","0.0031","0.0008","0","0","0","0","0","0","0","0","0","0","0","0","0","0","0","0","0","0","0","0","0","0","0","0","0","0","0","0","0","0","0","0","0","0","0","0","0","0","0"
"240","Tyler Goodson","IND","rb","11","ATL","0.5","0","0","0","0","0","0","0.6883","2.8973","0.0217","0.0665","0.0533","0.371","0.0019","0.0099","0.0044","0.0011","0","0","0","0","0","0","0","0","0","0","0","0","0","0","0","0","0","0","0","0","0","0","0","0","0","0","0","0","0","0","0","0","0","0","0","0","0","0","0"
"241","Daniel Bellinger","NYG","te","14","@CHI","3.3","0","0","0","0","0","0","0","0","0","1.8836","1.4142","11.6393","0.1197","0","0","0.0056","0","0","0","0","0","0","0","0","0","0","0","0","0","0","0","0","0","0","0","0","0","0","0","0","0","0","0","0","0","0","0","0","0","0","0","0","0","0","0"
"242","Jaylen Wright","MIA","rb","12","BUF","0.4","0","0","0","0","0","0","0.1922","0.8639","0.0054","0.1699","0.1393","0.9752","0.0054","0.0041","0.002","0.0007","0","0","0","0","0","0","0","0","0","0","0","0","0","0","0","0","0","0","0","0","0","0","0","0","0","0","0","0","0","0","0","0","0","0","0","0","0","0","0"
"243","Cole Kmet","CHI","te","5","NYG","3.1","0","0","0","0","0","0","0","0","0","1.9375","1.3735","11.4046","0.1003","0","0","0.0054","0","0","0","0","0","0","0","0","0","0","0","0","0","0","0","0","0","0","0","0","0","0","0","0","0","0","0","0","0","0","0","0","0","0","0","0","0","0","0"
"244","John FitzPatrick","GB","te","5","PHI","3.1","0","0","0","0","0","0","0","0","0","1.7493","1.3006","11.8492","0.1022","0","0","0.0053","0","0","0","0","0","0","0","0","0","0","0","0","0","0","0","0","0","0","0","0","0","0","0","0","0","0","0","0","0","0","0","0","0","0","0","0","0","0","0"
"245","Dylan Laube","LV","rb","8","@DEN","0.2","0","0","0","0","0","0","0.1754","0.6389","0.0035","0.0673","0.0559","0.3754","0.0016","0.003","0.0014","0.0003","42.2206","0.0108","0","0","0","0","0","0","0","0","0","0","0","0","0","0","0","0","0","0","0","0","0","0","0","0","0","0","0","0","0","0","0","0","0","0","0","0","0"
"246","Skyy Moore","SF","wr","14","LA","2.4","0","0","0","0","0","0","0","0","0","1.4606","0.9699","10.55","0.0542","0","0","0.0033","51.1963","0.0231","0","0","0","0","0","0","0","0","0","0","0","0","0","0","0","0","0","0","0","0","0","0","0","0","0","0","0","0","0","0","0","0","0","0","0","0","0"
"247","Mason Tipton","NO","wr","11","@CAR","2.4","0","0","0","0","0","0","0","0","0","1.6581","0.9812","11.0074","0.0579","0","0","0.0038","54.8038","0.0273","0","0","0","0","0","0","0","0","0","0","0","0","0","0","0","0","0","0","0","0","0","0","0","0","0","0","0","0","0","0","0","0","0","0","0","0","0"
"248","Patrick Ricard","BLT","rb","7","@MIN","0.1","0","0","0","0","0","0","0.072","0.3039","0.0023","0.0275","0.0225","0.1668","0.0011","0.0012","0.0006","0.0002","0","0","0","0","0","0","0","0","0","0","0","0","0","0","0","0","0","0","0","0","0","0","0","0","0","0","0","0","0","0","0","0","0","0","0","0","0","0","0"
"249","Brock Wright","DET","te","8","@WAS","2.9","0","0","0","0","0","0","0","0","0","1.4325","1.1851","10.6023","0.1127","0","0","0.0052","0","0","0","0","0","0","0","0","0","0","0","0","0","0","0","0","0","0","0","0","0","0","0","0","0","0","0","0","0","0","0","0","0","0","0","0","0","0","0"
"250","Davis Allen","LA","te","8","@SF","2.9","0","0","0","0","0","0","0","0","0","1.6149","1.1794","11.1887","0.0982","0","0","0.0044","0","0","0","0","0","0","0","0","0","0","0","0","0","0","0","0","0","0","0","0","0","0","0","0","0","0","0","0","0","0","0","0","0","0","0","0","0","0","0"
"251","Allen Lazard","NYJ","wr","9","CLV","2.3","0","0","0","0","0","0","0","0","0","1.3378","0.8531","10.0344","0.0711","0","0","0.0037","0","0","0","0","0","0","0","0","0","0","0","0","0","0","0","0","0","0","0","0","0","0","0","0","0","0","0","0","0","0","0","0","0","0","0","0","0","0","0"
"252","Gunner Olszewski","NYG","wr","14","@CHI","2.3","0","0","0","0","0","0","0","0","0","1.3118","0.8141","10.2087","0.0798","0","0","0.0039","58.5628","0.0255","0","0","0","0","0","0","0","0","0","0","0","0","0","0","0","0","0","0","0","0","0","0","0","0","0","0","0","0","0","0","0","0","0","0","0","0","0"
"253","Savion Williams","GB","wr","5","PHI","2.3","0","0","0","0","0","0","0.4045","2.37","0.0121","1.1222","0.823","8.0935","0.0561","0.0143","0.0073","0.0039","44.5093","0.0114","0","0","0","0","0","0","0","0","0","0","0","0","0","0","0","0","0","0","0","0","0","0","0","0","0","0","0","0","0","0","0","0","0","0","0","0","0"
"254","Kene Nwangwu","NYJ","rb","9","CLV","0","0","0","0","0","0","0","0","0","0","0","0","0","0","0","0","0","51.3397","0.0272","0","0","0","0","0","0","0","0","0","0","0","0","0","0","0","0","0","0","0","0","0","0","0","0","0","0","0","0","0","0","0","0","0","0","0","0","0"
"255","Trey Sermon","PIT","rb","5","@LAC","0","0","0","0","0","0","0","0","0","0","0","0","0","0","0","0","0","42.0625","0.0107","0","0","0","0","0","0","0","0","0","0","0","0","0","0","0","0","0","0","0","0","0","0","0","0","0","0","0","0","0","0","0","0","0","0","0","0","0"
"256","George Holani","SEA","rb","8","ARZ","0","0","0","0","0","0","0","0","0","0","0","0","0","0","0","0","0","23.7163","0.0061","0","0","0","0","0","0","0","0","0","0","0","0","0","0","0","0","0","0","0","0","0","0","0","0","0","0","0","0","0","0","0","0","0","0","0","0","0"
"257","Isaac Guerendo","SF","rb","14","LA","0","0","0","0","0","0","0","0","0","0","0","0","0","0","0","0","0","45.8246","0.0117","0","0","0","0","0","0","0","0","0","0","0","0","0","0","0","0","0","0","0","0","0","0","0","0","0","0","0","0","0","0","0","0","0","0","0","0","0"
"258","Jacob Saylors","DET","rb","8","@WAS","0","0","0","0","0","0","0","0","0","0","0","0","0","0","0","0","0","31.8584","0.0081","0","0","0","0","0","0","0","0","0","0","0","0","0","0","0","0","0","0","0","0","0","0","0","0","0","0","0","0","0","0","0","0","0","0","0","0","0"
"259","Rasheen Ali","BLT","rb","7","@MIN","0","0","0","0","0","0","0","0","0","0","0","0","0","0","0","0","0","33.1186","0.0085","0","0","0","0","0","0","0","0","0","0","0","0","0","0","0","0","0","0","0","0","0","0","0","0","0","0","0","0","0","0","0","0","0","0","0","0","0"
"260","Tyrell Shavers","BUF","wr","7","@MIA","2.2","0","0","0","0","0","0","0","0","0","1.2489","0.82","10.1612","0.0594","0","0","0.0046","0","0","0","0","0","0","0","0","0","0","0","0","0","0","0","0","0","0","0","0","0","0","0","0","0","0","0","0","0","0","0","0","0","0","0","0","0","0","0"
"261","Kalif Raymond","DET","wr","8","@WAS","2.1","0","0","0","0","0","0","0.277","1.7244","0.0106","1.0505","0.757","8.6779","0.0457","0.0119","0.0062","0.0042","55.8321","0.0225","0","0","0","0","0","0","0","0","0","0","0","0","0","0","0","0","0","0","0","0","0","0","0","0","0","0","0","0","0","0","0","0","0","0","0","0","0"
"262","Tommy Tremble","CAR","te","14","NO","2.6","0","0","0","0","0","0","0","0","0","1.5958","1.231","8.499","0.0841","0","0","0.004","0","0","0","0","0","0","0","0","0","0","0","0","0","0","0","0","0","0","0","0","0","0","0","0","0","0","0","0","0","0","0","0","0","0","0","0","0","0","0"
"263","Austin Trammell","JAX","wr","8","@HST","2","0","0","0","0","0","0","0","0","0","1.2448","0.758","8.8832","0.0537","0","0","0.0031","0","0","0","0","0","0","0","0","0","0","0","0","0","0","0","0","0","0","0","0","0","0","0","0","0","0","0","0","0","0","0","0","0","0","0","0","0","0","0"
"264","Tylan Wallace","BLT","wr","7","@MIN","2","0","0","0","0","0","0","0","0","0","1.0739","0.7481","9.0158","0.0576","0","0","0.0039","0","0","0","0","0","0","0","0","0","0","0","0","0","0","0","0","0","0","0","0","0","0","0","0","0","0","0","0","0","0","0","0","0","0","0","0","0","0","0"
"265","Ricky White","SEA","wr","8","ARZ","2","0","0","0","0","0","0","0","0","0","1.0897","0.7205","9.0286","0.0552","0","0","0.0034","0","0","0","0","0","0","0","0","0","0","0","0","0","0","0","0","0","0","0","0","0","0","0","0","0","0","0","0","0","0","0","0","0","0","0","0","0","0","0"
"266","Jeremy Ruckert","NYJ","te","9","CLV","2.5","0","0","0","0","0","0","0","0","0","1.4716","1.0931","9.8522","0.0718","0","0","0.0041","0","0","0","0","0","0","0","0","0","0","0","0","0","0","0","0","0","0","0","0","0","0","0","0","0","0","0","0","0","0","0","0","0","0","0","0","0","0","0"
"267","Adam Trautman","DEN","te","12","LV","2.4","0","0","0","0","0","0","0","0","0","1.4781","1.1513","7.4989","0.0841","0","0","0.0039","0","0","0","0","0","0","0","0","0","0","0","0","0","0","0","0","0","0","0","0","0","0","0","0","0","0","0","0","0","0","0","0","0","0","0","0","0","0","0"
"268","Malachi Corley","CLV","wr","9","@NYJ","1.8","0","0","0","0","0","0","0","0","0","1.1889","0.7364","7.6214","0.0456","0","0","0.0027","0","0","0","0","0","0","0","0","0","0","0","0","0","0","0","0","0","0","0","0","0","0","0","0","0","0","0","0","0","0","0","0","0","0","0","0","0","0","0"
"269","Arian Smith","NYJ","wr","9","CLV","1.8","0","0","0","0","0","0","0","0","0","1.097","0.6784","8.4986","0.0477","0","0","0.003","0","0","0","0","0","0","0","0","0","0","0","0","0","0","0","0","0","0","0","0","0","0","0","0","0","0","0","0","0","0","0","0","0","0","0","0","0","0","0"
"270","Jackson Hawes","BUF","te","7","@MIA","2.3","0","0","0","0","0","0","0","0","0","1.2489","0.9359","9.1885","0.0794","0","0","0.0046","0","0","0","0","0","0","0","0","0","0","0","0","0","0","0","0","0","0","0","0","0","0","0","0","0","0","0","0","0","0","0","0","0","0","0","0","0","0","0"
"271","David Sills V","ATL","wr","5","@IND","1.7","0","0","0","0","0","0","0","0","0","1.0669","0.7195","6.986","0.044","0","0","0.0024","0","0","0","0","0","0","0","0","0","0","0","0","0","0","0","0","0","0","0","0","0","0","0","0","0","0","0","0","0","0","0","0","0","0","0","0","0","0","0"
"272","Lil'Jordan Humphrey","NYG","wr","14","@CHI","1.7","0","0","0","0","0","0","0","0","0","0.9598","0.6312","7.4406","0.0577","0","0","0.0029","0","0","0","0","0","0","0","0","0","0","0","0","0","0","0","0","0","0","0","0","0","0","0","0","0","0","0","0","0","0","0","0","0","0","0","0","0","0","0"
"273","Malik Heath","GB","wr","5","PHI","1.7","0","0","0","0","0","0","0","0","0","0.9901","0.6833","7.3174","0.0517","0","0","0.003","0","0","0","0","0","0","0","0","0","0","0","0","0","0","0","0","0","0","0","0","0","0","0","0","0","0","0","0","0","0","0","0","0","0","0","0","0","0","0"
"274","KhaDarel Hodge","ATL","wr","5","@IND","1.6","0","0","0","0","0","0","0","0","0","1.0059","0.6011","7.8574","0.0416","0","0","0.0022","0","0","0","0","0","0","0","0","0","0","0","0","0","0","0","0","0","0","0","0","0","0","0","0","0","0","0","0","0","0","0","0","0","0","0","0","0","0","0"
"275","Brycen Tremayne","CAR","wr","14","NO","1.6","0","0","0","0","0","0","0","0","0","1.0124","0.6824","6.8422","0.0415","0","0","0.0025","0","0","0","0","0","0","0","0","0","0","0","0","0","0","0","0","0","0","0","0","0","0","0","0","0","0","0","0","0","0","0","0","0","0","0","0","0","0","0"
"276","Xavier Smith","LA","wr","8","@SF","1.6","0","0","0","0","0","0","0","0","0","0.9176","0.5763","7.3276","0.0427","0","0","0.0025","54.6939","0.023","0","0","0","0","0","0","0","0","0","0","0","0","0","0","0","0","0","0","0","0","0","0","0","0","0","0","0","0","0","0","0","0","0","0","0","0","0"
"277","Dont'e Thornton Jr.","LV","wr","8","@DEN","1.6","0","0","0","0","0","0","0","0","0","1.1168","0.6125","6.9536","0.0422","0","0","0.0023","0","0","0","0","0","0","0","0","0","0","0","0","0","0","0","0","0","0","0","0","0","0","0","0","0","0","0","0","0","0","0","0","0","0","0","0","0","0","0"
"278","Terrance Ferguson","LA","te","8","@SF","2","0","0","0","0","0","0","0","0","0","1.1378","0.7125","9.0768","0.0695","0","0","0.0031","0","0","0","0","0","0","0","0","0","0","0","0","0","0","0","0","0","0","0","0","0","0","0","0","0","0","0","0","0","0","0","0","0","0","0","0","0","0","0"
"279","Adam Thielen","MIN","wr","6","BLT","1.4","0","0","0","0","0","0","0","0","0","0.8322","0.5611","5.8845","0.0342","0","0","0.002","0","0","0","0","0","0","0","0","0","0","0","0","0","0","0","0","0","0","0","0","0","0","0","0","0","0","0","0","0","0","0","0","0","0","0","0","0","0","0"
"280","Gage Larvadain","CLV","wr","9","@NYJ","1.4","0","0","0","0","0","0","0","0","0","0.964","0.5902","6.2403","0.0357","0","0","0.0022","0","0","0","0","0","0","0","0","0","0","0","0","0","0","0","0","0","0","0","0","0","0","0","0","0","0","0","0","0","0","0","0","0","0","0","0","0","0","0"
"281","Konata Mumpfield","LA","wr","8","@SF","1.3","0","0","0","0","0","0","0","0","0","0.7341","0.4826","5.4233","0.0384","0","0","0.002","0","0","0","0","0","0","0","0","0","0","0","0","0","0","0","0","0","0","0","0","0","0","0","0","0","0","0","0","0","0","0","0","0","0","0","0","0","0","0"
"282","Chris Manhertz","NYG","te","14","@CHI","1.8","0","0","0","0","0","0","0","0","0","0.9918","0.7209","6.9791","0.0647","0","0","0.003","0","0","0","0","0","0","0","0","0","0","0","0","0","0","0","0","0","0","0","0","0","0","0","0","0","0","0","0","0","0","0","0","0","0","0","0","0","0","0"
"283","Foster Moreau","NO","te","11","@CAR","1.8","0","0","0","0","0","0","0","0","0","1.0944","0.7631","7.1621","0.0497","0","0","0.0025","0","0","0","0","0","0","0","0","0","0","0","0","0","0","0","0","0","0","0","0","0","0","0","0","0","0","0","0","0","0","0","0","0","0","0","0","0","0","0"
"284","Cedrick Wilson Jr.","MIA","wr","12","BUF","1.2","0","0","0","0","0","0","0","0","0","0.6795","0.4599","5.1436","0.032","0","0","0.0017","0","0","0","0","0","0","0","0","0","0","0","0","0","0","0","0","0","0","0","0","0","0","0","0","0","0","0","0","0","0","0","0","0","0","0","0","0","0","0"
"285","Tahj Washington","MIA","wr","12","BUF","1.2","0","0","0","0","0","0","0","0","0","0.6795","0.4204","5.4208","0.0322","0","0","0.0017","0","0","0","0","0","0","0","0","0","0","0","0","0","0","0","0","0","0","0","0","0","0","0","0","0","0","0","0","0","0","0","0","0","0","0","0","0","0","0"
"286","Grant Calcaterra","PHI","te","9","@GB","1.6","0","0","0","0","0","0","0","0","0","0.9534","0.7285","6.4245","0.0448","0","0","0.0032","0","0","0","0","0","0","0","0","0","0","0","0","0","0","0","0","0","0","0","0","0","0","0","0","0","0","0","0","0","0","0","0","0","0","0","0","0","0","0"
"287","Mitchell Evans","CAR","te","14","NO","1.6","0","0","0","0","0","0","0","0","0","0.8933","0.6579","5.8447","0.0537","0","0","0.0022","0","0","0","0","0","0","0","0","0","0","0","0","0","0","0","0","0","0","0","0","0","0","0","0","0","0","0","0","0","0","0","0","0","0","0","0","0","0","0"
"288","Ben Skowronek","PIT","wr","5","@LAC","1","0","0","0","0","0","0","0","0","0","0.5999","0.4043","4.2471","0.027","0","0","0.0015","0","0","0","0","0","0","0","0","0","0","0","0","0","0","0","0","0","0","0","0","0","0","0","0","0","0","0","0","0","0","0","0","0","0","0","0","0","0","0"
"289","Kevin Austin Jr.","NO","wr","11","@CAR","1","0","0","0","0","0","0","0","0","0","0.6633","0.3951","4.5724","0.0215","0","0","0.0015","0","0","0","0","0","0","0","0","0","0","0","0","0","0","0","0","0","0","0","0","0","0","0","0","0","0","0","0","0","0","0","0","0","0","0","0","0","0","0"
"290","Ben Sinnott","WAS","te","12","DET","1.4","0","0","0","0","0","0","0","0","0","0.7724","0.5669","5.3897","0.0437","0","0","0.0022","0","0","0","0","0","0","0","0","0","0","0","0","0","0","0","0","0","0","0","0","0","0","0","0","0","0","0","0","0","0","0","0","0","0","0","0","0","0","0"
"291","Marcedes Lewis","DEN","te","12","LV","1.3","0","0","0","0","0","0","0","0","0","0.7719","0.5601","5.1379","0.043","0","0","0.002","0","0","0","0","0","0","0","0","0","0","0","0","0","0","0","0","0","0","0","0","0","0","0","0","0","0","0","0","0","0","0","0","0","0","0","0","0","0","0"
"292","Colby Parkinson","LA","te","8","@SF","1.3","0","0","0","0","0","0","0","0","0","0.7341","0.5361","5.1768","0.0423","0","0","0.002","0","0","0","0","0","0","0","0","0","0","0","0","0","0","0","0","0","0","0","0","0","0","0","0","0","0","0","0","0","0","0","0","0","0","0","0","0","0","0"
"293","Ashton Dulin","IND","wr","11","ATL","0.7","0","0","0","0","0","0","0.1721","1.0891","0.0105","0.3324","0.2047","2.6079","0.0142","0.0045","0.0022","0.0012","27.4973","0.007","0","0","0","0","0","0","0","0","0","0","0","0","0","0","0","0","0","0","0","0","0","0","0","0","0","0","0","0","0","0","0","0","0","0","0","0","0"
"294","Jake Tonges","SF","te","14","LA","1.2","0","0","0","0","0","0","0","0","0","0.6938","0.5146","4.6039","0.0384","0","0","0.0016","0","0","0","0","0","0","0","0","0","0","0","0","0","0","0","0","0","0","0","0","0","0","0","0","0","0","0","0","0","0","0","0","0","0","0","0","0","0","0"
"295","Hayden Rucci","MIA","te","12","BUF","1.2","0","0","0","0","0","0","0","0","0","0.6795","0.5007","5.0531","0.0372","0","0","0.0017","0","0","0","0","0","0","0","0","0","0","0","0","0","0","0","0","0","0","0","0","0","0","0","0","0","0","0","0","0","0","0","0","0","0","0","0","0","0","0"
"296","Nick Vannett","MIN","te","6","BLT","1.1","0","0","0","0","0","0","0","0","0","0.6402","0.4968","4.0866","0.03","0","0","0.0015","0","0","0","0","0","0","0","0","0","0","0","0","0","0","0","0","0","0","0","0","0","0","0","0","0","0","0","0","0","0","0","0","0","0","0","0","0","0","0"
"297","Harrison Bryant","HST","te","6","JAX","1.1","0","0","0","0","0","0","0","0","0","0.6745","0.4829","4.2493","0.031","0","0","0.0013","0","0","0","0","0","0","0","0","0","0","0","0","0","0","0","0","0","0","0","0","0","0","0","0","0","0","0","0","0","0","0","0","0","0","0","0","0","0","0"
"298","John Bates","WAS","te","12","DET","1.1","0","0","0","0","0","0","0","0","0","0.6179","0.4478","4.2589","0.0318","0","0","0.0018","0","0","0","0","0","0","0","0","0","0","0","0","0","0","0","0","0","0","0","0","0","0","0","0","0","0","0","0","0","0","0","0","0","0","0","0","0","0","0"
"299","Devin Duvernay","CHI","wr","5","NYG","0.5","0","0","0","0","0","0","0","0","0","0.3092","0.1997","2.217","0.0136","0","0","0.0009","83.9236","0.0309","0","0","0","0","0","0","0","0","0","0","0","0","0","0","0","0","0","0","0","0","0","0","0","0","0","0","0","0","0","0","0","0","0","0","0","0","0"
"300","Jalin Hyatt","NYG","wr","14","@CHI","0.5","0","0","0","0","0","0","0","0","0","0.3199","0.1737","2.5913","0.0157","0","0","0.001","0","0","0","0","0","0","0","0","0","0","0","0","0","0","0","0","0","0","0","0","0","0","0","0","0","0","0","0","0","0","0","0","0","0","0","0","0","0","0"
"301","Josh Whyle","GB","te","5","PHI","0.9","0","0","0","0","0","0","0","0","0","0.5281","0.3881","3.732","0.0297","0","0","0.0016","0","0","0","0","0","0","0","0","0","0","0","0","0","0","0","0","0","0","0","0","0","0","0","0","0","0","0","0","0","0","0","0","0","0","0","0","0","0","0"
"302","Isaiah Williams","NYJ","wr","9","CLV","0.2","0","0","0","0","0","0","0","0","0","0.1338","0.0927","0.9362","0.0057","0","0","0.0004","0","0","0","0","0","0","0","0","0","0","0","0","0","0","0","0","0","0","0","0","0","0","0","0","0","0","0","0","0","0","0","0","0","0","0","0","0","0","0"
"303","Trent Sherfield","DEN","wr","12","LV","0.1","0","0","0","0","0","0","0","0","0","0.0671","0.044","0.4713","0.0031","0","0","0.0002","0","0","0","0","0","0","0","0","0","0","0","0","0","0","0","0","0","0","0","0","0","0","0","0","0","0","0","0","0","0","0","0","0","0","0","0","0","0","0"
"304","Mo Alie-Cox","IND","te","11","ATL","0.6","0","0","0","0","0","0","0","0","0","0.3324","0.2326","2.3629","0.0177","0","0","0.001","0","0","0","0","0","0","0","0","0","0","0","0","0","0","0","0","0","0","0","0","0","0","0","0","0","0","0","0","0","0","0","0","0","0","0","0","0","0","0"
"305","Luke Farrell","SF","te","14","LA","0.6","0","0","0","0","0","0","0","0","0","0.3652","0.2814","2.4394","0.0159","0","0","0.0008","0","0","0","0","0","0","0","0","0","0","0","0","0","0","0","0","0","0","0","0","0","0","0","0","0","0","0","0","0","0","0","0","0","0","0","0","0","0","0"
"306","Charlie Kolar","BLT","te","7","@MIN","0.6","0","0","0","0","0","0","0","0","0","0.3029","0.2282","2.3393","0.0235","0","0","0.0011","0","0","0","0","0","0","0","0","0","0","0","0","0","0","0","0","0","0","0","0","0","0","0","0","0","0","0","0","0","0","0","0","0","0","0","0","0","0","0"
"307","Tucker Kraft","GB","te","5","PHI","0.6","0","0","0","0","0","0","0.6826","4.0079","0.026","0","0","0","0","0.0092","0.0041","0.0009","0","0","0","0","0","0","0","0","0","0","0","0","0","0","0","0","0","0","0","0","0","0","0","0","0","0","0","0","0","0","0","0","0","0","0","0","0","0","0"
"308","Jamal Agnew","ATL","wr","5","@IND","0","0","0","0","0","0","0","0","0","0","0","0","0","0","0","0","0","56.8897","0.0247","0","0","0","0","0","0","0","0","0","0","0","0","0","0","0","0","0","0","0","0","0","0","0","0","0","0","0","0","0","0","0","0","0","0","0","0","0"
"309","Bo Melton","GB","wr","5","PHI","0","0","0","0","0","0","0","0","0","0","0","0","0","0","0","0","0","33.5772","0.0086","0","0","0","0","0","0","0","0","0","0","0","0","0","0","0","0","0","0","0","0","0","0","0","0","0","0","0","0","0","0","0","0","0","0","0","0","0"
"310","Derius Davis","LAC","wr","12","PIT","0","0","0","0","0","0","0","0","0","0","0","0","0","0","0","0","0","58.341","0.0257","0","0","0","0","0","0","0","0","0","0","0","0","0","0","0","0","0","0","0","0","0","0","0","0","0","0","0","0","0","0","0","0","0","0","0","0","0"
"311","Anthony Gould","IND","wr","11","ATL","0","0","0","0","0","0","0","0","0","0","0","0","0","0","0","0","0","55.1095","0.0225","0","0","0","0","0","0","0","0","0","0","0","0","0","0","0","0","0","0","0","0","0","0","0","0","0","0","0","0","0","0","0","0","0","0","0","0","0"
"312","Myles Price","MIN","wr","6","BLT","0","0","0","0","0","0","0","0","0","0","0","0","0","0","0","0","0","75.2164","0.0293","0","0","0","0","0","0","0","0","0","0","0","0","0","0","0","0","0","0","0","0","0","0","0","0","0","0","0","0","0","0","0","0","0","0","0","0","0"
"313","LaJohntay Wester","BLT","wr","7","@MIN","0","0","0","0","0","0","0","0","0","0","0","0","0","0","0","0","0","15.2594","0.0131","0","0","0","0","0","0","0","0","0","0","0","0","0","0","0","0","0","0","0","0","0","0","0","0","0","0","0","0","0","0","0","0","0","0","0","0","0"
"314","Tai Felton","MIN","wr","6","BLT","0","0","0","0","0","0","0","0","0","0","0","0","0","0","0","0","0","22.4318","0.0057","0","0","0","0","0","0","0","0","0","0","0","0","0","0","0","0","0","0","0","0","0","0","0","0","0","0","0","0","0","0","0","0","0","0","0","0","0"
"315","Kylen Granson","PHI","te","9","@GB","0.5","0","0","0","0","0","0","0","0","0","0.2889","0.2071","1.9431","0.0137","0","0","0.001","0","0","0","0","0","0","0","0","0","0","0","0","0","0","0","0","0","0","0","0","0","0","0","0","0","0","0","0","0","0","0","0","0","0","0","0","0","0","0"
"316","Ian Thomas","LV","te","8","@DEN","0.3","0","0","0","0","0","0","0","0","0","0.1682","0.1306","1.1339","0.0075","0","0","0.0003","0","0","0","0","0","0","0","0","0","0","0","0","0","0","0","0","0","0","0","0","0","0","0","0","0","0","0","0","0","0","0","0","0","0","0","0","0","0","0"
"317","Charlie Woerner","ATL","te","5","@IND","0.3","0","0","0","0","0","0","0","0","0","0.1796","0.1321","1.1833","0.0086","0","0","0.0004","0","0","0","0","0","0","0","0","0","0","0","0","0","0","0","0","0","0","0","0","0","0","0","0","0","0","0","0","0","0","0","0","0","0","0","0","0","0","0"
"318","Tucker Fisk","LAC","te","12","PIT","0.3","0","0","0","0","0","0","0","0","0","0.1808","0.1354","1.2257","0.0091","0","0","0.0004","0","0","0","0","0","0","0","0","0","0","0","0","0","0","0","0","0","0","0","0","0","0","0","0","0","0","0","0","0","0","0","0","0","0","0","0","0","0","0"
"319","Blake Whiteheart","CLV","te","9","@NYJ","0.3","0","0","0","0","0","0","0","0","0","0.1607","0.1128","0.9754","0.007","0","0","0.0004","0","0","0","0","0","0","0","0","0","0","0","0","0","0","0","0","0","0","0","0","0","0","0","0","0","0","0","0","0","0","0","0","0","0","0","0","0","0","0"
"320","Benjamin Yurosek","MIN","te","6","BLT","0.3","0","0","0","0","0","0","0","0","0","0.16","0.1154","1.0116","0.0072","0","0","0.0004","0","0","0","0","0","0","0","0","0","0","0","0","0","0","0","0","0","0","0","0","0","0","0","0","0","0","0","0","0","0","0","0","0","0","0","0","0","0","0"
"321","Andrew Ogletree","IND","te","11","ATL","0.3","0","0","0","0","0","0","0","0","0","0.1662","0.1122","1.1676","0.0084","0","0","0.0005","0","0","0","0","0","0","0","0","0","0","0","0","0","0","0","0","0","0","0","0","0","0","0","0","0","0","0","0","0","0","0","0","0","0","0","0","0","0","0"
"322","Russell Wilson","NYG","qb","14","@CHI","1.6","1.9602","2.6821","20.4519","0.1582","0.0514","0.2215","0.2471","1.4732","0.0026","0","0","0","0","0","0","0.0077","0","0","0","0","0","0","0","0","0","0","0","0","0","0","0","0","0","0","0","0","0","0","0","0","0","0","0","0","0","0","0","0","0","0","0","0","0","0","0"
"323","Kirk Cousins","ATL","qb","5","@IND","1.3","1.9827","2.7928","20.5857","0.131","0.0605","0.1575","0.0933","0.367","0.0019","0","0","0","0","0","0","0.0063","0","0","0","0","0","0","0","0","0","0","0","0","0","0","0","0","0","0","0","0","0","0","0","0","0","0","0","0","0","0","0","0","0","0","0","0","0","0","0"
"324","Jimmy Garoppolo","LA","qb","8","@SF","1.3","1.9226","2.6986","20.1447","0.1251","0.069","0.1833","0.1223","0.5626","0.0022","0","0","0","0","0","0","0.008","0","0","0","0","0","0","0","0","0","0","0","0","0","0","0","0","0","0","0","0","0","0","0","0","0","0","0","0","0","0","0","0","0","0","0","0","0","0","0"
"325","Tyrod Taylor","NYJ","qb","9","CLV","1.2","1.6593","2.3543","15.8718","0.0985","0.054","0.2668","0.3393","2.2023","0.0017","0","0","0","0","0","0","0.006","0","0","0","0","0","0","0","0","0","0","0","0","0","0","0","0","0","0","0","0","0","0","0","0","0","0","0","0","0","0","0","0","0","0","0","0","0","0","0"
"326","Nick Mullens","JAX","qb","8","@HST","1.2","2.0035","2.8409","20.0845","0.1051","0.086","0.256","0.1339","0.685","0.0022","0","0","0","0","0","0","0.0072","0","0","0","0","0","0","0","0","0","0","0","0","0","0","0","0","0","0","0","0","0","0","0","0","0","0","0","0","0","0","0","0","0","0","0","0","0","0","0"
"327","Graham Mertz","HST","qb","6","JAX","1.2","1.7787","2.6624","17.3617","0.0986","0.0709","0.2169","0.1874","1.1712","0.0016","0","0","0","0","0","0","0.0056","0","0","0","0","0","0","0","0","0","0","0","0","0","0","0","0","0","0","0","0","0","0","0","0","0","0","0","0","0","0","0","0","0","0","0","0","0","0","0"
"328","Kyle Allen","DET","qb","8","@WAS","1.1","1.7407","2.3694","16.2551","0.1032","0.0654","0.1885","0.1659","0.8725","0.0023","0","0","0","0","0","0","0.0093","0","0","0","0","0","0","0","0","0","0","0","0","0","0","0","0","0","0","0","0","0","0","0","0","0","0","0","0","0","0","0","0","0","0","0","0","0","0","0"
"329","Kenny Pickett","LV","qb","8","@DEN","1.1","1.7386","2.49","16.4969","0.091","0.0485","0.2045","0.1746","1.0058","0.0016","0","0","0","0","0","0","0.0056","0","0","0","0","0","0","0","0","0","0","0","0","0","0","0","0","0","0","0","0","0","0","0","0","0","0","0","0","0","0","0","0","0","0","0","0","0","0","0"
"330","Malik Willis","GB","qb","5","PHI","1","1.4104","2.0831","13.7733","0.068","0.0473","0.2666","0.2678","1.7538","0.0024","0","0","0","0","0","0","0.0081","0","0","0","0","0","0","0","0","0","0","0","0","0","0","0","0","0","0","0","0","0","0","0","0","0","0","0","0","0","0","0","0","0","0","0","0","0","0","0"
"331","Zach Wilson","MIA","qb","12","BUF","1","1.6876","2.4329","15.7647","0.0748","0.0562","0.2935","0.1754","1.0542","0.0021","0","0","0","0","0","0","0.0068","0","0","0","0","0","0","0","0","0","0","0","0","0","0","0","0","0","0","0","0","0","0","0","0","0","0","0","0","0","0","0","0","0","0","0","0","0","0","0"
"332","Mason Rudolph","PIT","qb","5","@LAC","0.9","1.4347","1.9936","12.8646","0.0681","0.0493","0.1125","0.3156","0.8317","0.0097","0","0","0","0","0","0","0.0059","0","0","0","0","0","0","0","0","0","0","0","0","0","0","0","0","0","0","0","0","0","0","0","0","0","0","0","0","0","0","0","0","0","0","0","0","0","0","0"
"333","Riley Leonard","IND","qb","11","ATL","0.9","1.3925","2.004","12.9282","0.0709","0.0533","0.1496","0.1502","0.8638","0.0038","0","0","0","0","0","0","0.0063","0","0","0","0","0","0","0","0","0","0","0","0","0","0","0","0","0","0","0","0","0","0","0","0","0","0","0","0","0","0","0","0","0","0","0","0","0","0","0"
"334","Mitch Trubisky","BUF","qb","7","@MIA","0.8","1.3085","1.8763","12.3855","0.0686","0.0496","0.0946","0.1514","0.7419","0.0036","0","0","0","0","0","0","0.007","0","0","0","0","0","0","0","0","0","0","0","0","0","0","0","0","0","0","0","0","0","0","0","0","0","0","0","0","0","0","0","0","0","0","0","0","0","0","0"
"335","Kedon Slovis","ARZ","qb","8","@SEA","0.7","1.2084","1.7476","11.0112","0.0516","0.0466","0.155","0.1364","0.818","0.002","0","0","0","0","0","0","0.0039","0","0","0","0","0","0","0","0","0","0","0","0","0","0","0","0","0","0","0","0","0","0","0","0","0","0","0","0","0","0","0","0","0","0","0","0","0","0","0"
"336","Spencer Rattler","NO","qb","11","@CAR","0.5","0.828","1.2168","7.8366","0.0394","0.0354","0.0774","0.1119","0.6463","0.002","0","0","0","0","0","0","0.0029","0","0","0","0","0","0","0","0","0","0","0","0","0","0","0","0","0","0","0","0","0","0","0","0","0","0","0","0","0","0","0","0","0","0","0","0","0","0","0"
"337","Adrian Martinez","SF","qb","14","LA","0.4","0.7432","1.0694","6.8496","0.0345","0.0285","0.1013","0.1056","0.5167","0.0013","0","0","0","0","0","0","0.0025","0","0","0","0","0","0","0","0","0","0","0","0","0","0","0","0","0","0","0","0","0","0","0","0","0","0","0","0","0","0","0","0","0","0","0","0","0","0","0"
"338","Trey Lance","LAC","qb","12","PIT","0.3","0.4352","0.6384","4.2319","0.0205","0.0161","0.0658","0.101","0.5232","0.002","0","0","0","0","0","0","0.0018","0","0","0","0","0","0","0","0","0","0","0","0","0","0","0","0","0","0","0","0","0","0","0","0","0","0","0","0","0","0","0","0","0","0","0","0","0","0","0"
"339","Tanner McKee","PHI","qb","9","@GB","0.3","0.5742","0.8176","5.1116","0.029","0.02","0.0688","0.0707","0.2419","0.0018","0","0","0","0","0","0","0.0025","0","0","0","0","0","0","0","0","0","0","0","0","0","0","0","0","0","0","0","0","0","0","0","0","0","0","0","0","0","0","0","0","0","0","0","0","0","0","0"
"340","Andy Dalton","CAR","qb","14","NO","0.2","0.2156","0.3168","2.2061","0.0142","0.0081","0.0194","0.0652","0.1142","0.0014","0","0","0","0","0","0","0.0008","0","0","0","0","0","0","0","0","0","0","0","0","0","0","0","0","0","0","0","0","0","0","0","0","0","0","0","0","0","0","0","0","0","0","0","0","0","0","0"
"341","Teddy Bridgewater","TB","qb","9","NE","0.2","0.2216","0.3193","2.2193","0.0127","0.0078","0.0273","0.0655","0.184","0.0016","0","0","0","0","0","0","0.001","0","0","0","0","0","0","0","0","0","0","0","0","0","0","0","0","0","0","0","0","0","0","0","0","0","0","0","0","0","0","0","0","0","0","0","0","0","0","0"
"342","Joshua Dobbs","NE","qb","14","@TB","0.2","0.2318","0.3279","2.1229","0.0102","0.0088","0.0238","0.0695","0.2711","0.0024","0","0","0","0","0","0","0.0009","0","0","0","0","0","0","0","0","0","0","0","0","0","0","0","0","0","0","0","0","0","0","0","0","0","0","0","0","0","0","0","0","0","0","0","0","0","0","0"
"343","Jarrett Stidham","DEN","qb","12","LV","0.2","0.2086","0.3083","2.0289","0.0104","0.0078","0.0242","0.0757","0.2439","0.0015","0","0","0","0","0","0","0.0009","0","0","0","0","0","0","0","0","0","0","0","0","0","0","0","0","0","0","0","0","0","0","0","0","0","0","0","0","0","0","0","0","0","0","0","0","0","0","0"
"344","Tyler Huntley","BLT","qb","7","@MIN","0.2","0.1845","0.2636","1.7877","0.0094","0.0063","0.0257","0.0762","0.3467","0.0019","0","0","0","0","0","0","0.0011","0","0","0","0","0","0","0","0","0","0","0","0","0","0","0","0","0","0","0","0","0","0","0","0","0","0","0","0","0","0","0","0","0","0","0","0","0","0","0"
"345","Max Brosmer","MIN","qb","6","BLT","0.2","0.2257","0.333","2.1658","0.011","0.0086","0.0227","0.0569","0.2113","0.0014","0","0","0","0","0","0","0.0008","0","0","0","0","0","0","0","0","0","0","0","0","0","0","0","0","0","0","0","0","0","0","0","0","0","0","0","0","0","0","0","0","0","0","0","0","0","0","0"
"346","Shedeur Sanders","CLV","qb","9","@NYJ","0.2","0.2229","0.3235","2.0964","0.0112","0.0086","0.0254","0.0689","0.3095","0.0028","0","0","0","0","0","0","0.0008","0","0","0","0","0","0","0","0","0","0","0","0","0","0","0","0","0","0","0","0","0","0","0","0","0","0","0","0","0","0","0","0","0","0","0","0","0","0","0"
"347","Drew Lock","SEA","qb","8","ARZ","0.1","0.1943","0.2863","1.8326","0.0094","0.0079","0.0193","0.0644","0.1561","0.0017","0","0","0","0","0","0","0.001","0","0","0","0","0","0","0","0","0","0","0","0","0","0","0","0","0","0","0","0","0","0","0","0","0","0","0","0","0","0","0","0","0","0","0","0","0","0","0"
"348","Sam Hartman","WAS","qb","12","DET","0.1","0.2259","0.3352","2.1691","0.0116","0.0089","0.0305","0","0","0","0","0","0","0","0","0","0.0009","0","0","0","0","0","0","0","0","0","0","0","0","0","0","0","0","0","0","0","0","0","0","0","0","0","0","0","0","0","0","0","0","0","0","0","0","0","0","0"
"349","Tyson Bagent","CHI","qb","5","NYG","0.1","0.1957","0.2902","1.8882","0.0097","0.0081","0.0224","0","0","0","0","0","0","0","0","0","0.0009","0","0","0","0","0","0","0","0","0","0","0","0","0","0","0","0","0","0","0","0","0","0","0","0","0","0","0","0","0","0","0","0","0","0","0","0","0","0","0"
"350","Matt Prater","BUF","k","7","@MIA","9.4","0","0","0","0","0","0","0","0","0","0","0","0","0","0","0","0","0","0","0","0","0.4443","0.4518","0.5489","0.5824","0.4734","0.5783","0.321","0.4478","2.9305","3.0673","0","0","0","0","0","0","0","0","0","0","0","0","0","0","0","0","0","0","0","0","0","0","0","0","0"
"351","Jake Bates","DET","k","8","@WAS","9.4","0","0","0","0","0","0","0","0","0","0","0","0","0","0","0","0","0","0","0","0","0.4443","0.4518","0.5489","0.5824","0.4735","0.5783","0.3211","0.4478","2.9512","3.0888","0","0","0","0","0","0","0","0","0","0","0","0","0","0","0","0","0","0","0","0","0","0","0","0","0"
"352","Cameron Dicker","LAC","k","12","PIT","9.2","0","0","0","0","0","0","0","0","0","0","0","0","0","0","0","0","0","0","0","0","0.4474","0.4516","0.5629","0.5821","0.5144","0.578","0.3668","0.4475","2.2993","2.3591","0","0","0","0","0","0","0","0","0","0","0","0","0","0","0","0","0","0","0","0","0","0","0","0","0"
"353","Tyler Loop","BLT","k","7","@MIN","9","0","0","0","0","0","0","0","0","0","0","0","0","0","0","0","0","0","0","0","0","0.4443","0.4518","0.5487","0.5824","0.4729","0.5783","0.3204","0.4478","2.5665","2.687","0","0","0","0","0","0","0","0","0","0","0","0","0","0","0","0","0","0","0","0","0","0","0","0","0"
"354","Chris Boswell","PIT","k","5","@LAC","8.9","0","0","0","0","0","0","0","0","0","0","0","0","0","0","0","0","0","0","0","0","0.4316","0.4357","0.5431","0.5616","0.4962","0.5577","0.3537","0.4318","2.1753","2.2321","0","0","0","0","0","0","0","0","0","0","0","0","0","0","0","0","0","0","0","0","0","0","0","0","0"
"355","Chase McLaughlin","TB","k","9","NE","8.9","0","0","0","0","0","0","0","0","0","0","0","0","0","0","0","0","0","0","0","0","0.4446","0.4516","0.5509","0.5821","0.4792","0.578","0.3273","0.4475","2.3599","2.4624","0","0","0","0","0","0","0","0","0","0","0","0","0","0","0","0","0","0","0","0","0","0","0","0","0"
"356","Harrison Mevis","LA","k","8","@SF","8.9","0","0","0","0","0","0","0","0","0","0","0","0","0","0","0","0","0","0","0","0","0.4433","0.4518","0.5449","0.5824","0.4625","0.5783","0.3096","0.4478","2.5269","2.6602","0","0","0","0","0","0","0","0","0","0","0","0","0","0","0","0","0","0","0","0","0","0","0","0","0"
"357","Brandon McManus","GB","k","5","PHI","8.8","0","0","0","0","0","0","0","0","0","0","0","0","0","0","0","0","0","0","0","0","0.4421","0.4511","0.5418","0.5814","0.4561","0.5774","0.3034","0.447","2.5394","2.6816","0","0","0","0","0","0","0","0","0","0","0","0","0","0","0","0","0","0","0","0","0","0","0","0","0"
"358","Jason Myers","SEA","k","8","ARZ","8.8","0","0","0","0","0","0","0","0","0","0","0","0","0","0","0","0","0","0","0","0","0.4443","0.4518","0.5487","0.5824","0.4728","0.5783","0.3204","0.4478","2.3204","2.4294","0","0","0","0","0","0","0","0","0","0","0","0","0","0","0","0","0","0","0","0","0","0","0","0","0"
"359","Michael Badgley","IND","k","11","ATL","8.8","0","0","0","0","0","0","0","0","0","0","0","0","0","0","0","0","0","0","0","0","0.4428","0.4518","0.5427","0.5824","0.4569","0.5783","0.3039","0.4478","2.5123","2.6529","0","0","0","0","0","0","0","0","0","0","0","0","0","0","0","0","0","0","0","0","0","0","0","0","0"
"360","Cairo Santos","CHI","k","5","NYG","8.7","0","0","0","0","0","0","0","0","0","0","0","0","0","0","0","0","0","0","0","0","0.4443","0.4518","0.5488","0.5824","0.4731","0.5783","0.3207","0.4478","2.1897","2.2922","0","0","0","0","0","0","0","0","0","0","0","0","0","0","0","0","0","0","0","0","0","0","0","0","0"
"361","Jake Elliott","PHI","k","9","@GB","8.7","0","0","0","0","0","0","0","0","0","0","0","0","0","0","0","0","0","0","0","0","0.4289","0.4363","0.5295","0.5623","0.4559","0.5584","0.3087","0.4323","2.4394","2.555","0","0","0","0","0","0","0","0","0","0","0","0","0","0","0","0","0","0","0","0","0","0","0","0","0"
"362","Cam Little","JAX","k","8","@HST","8.7","0","0","0","0","0","0","0","0","0","0","0","0","0","0","0","0","0","0","0","0","0.4388","0.4462","0.5421","0.5751","0.4676","0.5711","0.3171","0.4422","2.2788","2.385","0","0","0","0","0","0","0","0","0","0","0","0","0","0","0","0","0","0","0","0","0","0","0","0","0"
"363","Nick Folk","NYJ","k","9","CLV","8.6","0","0","0","0","0","0","0","0","0","0","0","0","0","0","0","0","0","0","0","0","0.4322","0.4363","0.5439","0.5623","0.4971","0.5584","0.3545","0.4323","1.9268","1.9768","0","0","0","0","0","0","0","0","0","0","0","0","0","0","0","0","0","0","0","0","0","0","0","0","0"
"364","Wil Lutz","DEN","k","12","LV","8.6","0","0","0","0","0","0","0","0","0","0","0","0","0","0","0","0","0","0","0","0","0.4429","0.4518","0.5432","0.5824","0.4581","0.5783","0.3051","0.4478","2.2476","2.3718","0","0","0","0","0","0","0","0","0","0","0","0","0","0","0","0","0","0","0","0","0","0","0","0","0"
"365","Eddy Pineiro","SF","k","14","LA","8.6","0","0","0","0","0","0","0","0","0","0","0","0","0","0","0","0","0","0","0","0","0.4298","0.4354","0.536","0.5612","0.4758","0.5573","0.3306","0.4315","2.105","2.181","0","0","0","0","0","0","0","0","0","0","0","0","0","0","0","0","0","0","0","0","0","0","0","0","0"
"366","Younghoe Koo","NYG","k","14","@CHI","8.5","0","0","0","0","0","0","0","0","0","0","0","0","0","0","0","0","0","0","0","0","0.4266","0.4354","0.5225","0.5612","0.4391","0.5573","0.2916","0.4315","2.4194","2.5566","0","0","0","0","0","0","0","0","0","0","0","0","0","0","0","0","0","0","0","0","0","0","0","0","0"
"367","Ryan Fitzgerald","CAR","k","14","NO","8.4","0","0","0","0","0","0","0","0","0","0","0","0","0","0","0","0","0","0","0","0","0.4442","0.4518","0.5485","0.5824","0.4723","0.5783","0.3198","0.4478","1.894","1.9836","0","0","0","0","0","0","0","0","0","0","0","0","0","0","0","0","0","0","0","0","0","0","0","0","0"
"368","Andres Borregales","NE","k","14","@TB","8.3","0","0","0","0","0","0","0","0","0","0","0","0","0","0","0","0","0","0","0","0","0.4282","0.4357","0.5281","0.5616","0.453","0.5577","0.3059","0.4318","2.0549","2.155","0","0","0","0","0","0","0","0","0","0","0","0","0","0","0","0","0","0","0","0","0","0","0","0","0"
"369","Will Reichard","MIN","k","6","BLT","8.2","0","0","0","0","0","0","0","0","0","0","0","0","0","0","0","0","0","0","0","0","0.4282","0.4355","0.5288","0.5613","0.4556","0.5574","0.3087","0.4316","1.9239","2.0144","0","0","0","0","0","0","0","0","0","0","0","0","0","0","0","0","0","0","0","0","0","0","0","0","0"
"370","Zane Gonzalez","ATL","k","5","@IND","8.1","0","0","0","0","0","0","0","0","0","0","0","0","0","0","0","0","0","0","0","0","0.424","0.4325","0.5199","0.5575","0.4382","0.5536","0.2918","0.4286","2.0169","2.1288","0","0","0","0","0","0","0","0","0","0","0","0","0","0","0","0","0","0","0","0","0","0","0","0","0"
"371","Andre Szmyt","CLV","k","9","@NYJ","8.1","0","0","0","0","0","0","0","0","0","0","0","0","0","0","0","0","0","0","0","0","0.442","0.4511","0.5413","0.5814","0.4549","0.5774","0.3021","0.447","1.8634","1.9691","0","0","0","0","0","0","0","0","0","0","0","0","0","0","0","0","0","0","0","0","0","0","0","0","0"
"372","Matt Gay","WAS","k","12","DET","8.1","0","0","0","0","0","0","0","0","0","0","0","0","0","0","0","0","0","0","0","0","0.4097","0.4174","0.5037","0.538","0.4283","0.5343","0.2871","0.4137","2.255","2.3726","0","0","0","0","0","0","0","0","0","0","0","0","0","0","0","0","0","0","0","0","0","0","0","0","0"
"373","Matthew Wright","HST","k","6","JAX","8","0","0","0","0","0","0","0","0","0","0","0","0","0","0","0","0","0","0","0","0","0.4332","0.4411","0.5336","0.5686","0.456","0.5646","0.3069","0.4371","1.7644","1.8529","0","0","0","0","0","0","0","0","0","0","0","0","0","0","0","0","0","0","0","0","0","0","0","0","0"
"374","Blake Grupe","NO","k","11","@CAR","8","0","0","0","0","0","0","0","0","0","0","0","0","0","0","0","0","0","0","0","0","0.4259","0.4347","0.5217","0.5603","0.4384","0.5564","0.2911","0.4308","1.9273","2.0365","0","0","0","0","0","0","0","0","0","0","0","0","0","0","0","0","0","0","0","0","0","0","0","0","0"
"375","Chad Ryland","ARZ","k","8","@SEA","8","0","0","0","0","0","0","0","0","0","0","0","0","0","0","0","0","0","0","0","0","0.4238","0.4325","0.5191","0.5575","0.4363","0.5536","0.2898","0.4287","1.9723","2.0839","0","0","0","0","0","0","0","0","0","0","0","0","0","0","0","0","0","0","0","0","0","0","0","0","0"
"376","Ravens DST","BLT","dst","7","@MIN","7.6","0","0","0","0","0","0","0","0","0","0","0","0","0","0","0","0","0","0","0","0","0","0","0","0","0","0","0","0","0","0","3.1616","0.0211","0.9185","0.9287","0.4626","0.1217","97.6482","0.035","0.0148","0.0349","0.1293","0.2826","0.2573","0.1815","0.0997","0","0","0","0","0","0","0","0","0","0"
"377","Browns DST","CLV","dst","9","@NYJ","7.6","0","0","0","0","0","0","0","0","0","0","0","0","0","0","0","0","0","0","0","0","0","0","0","0","0","0","0","0","0","0","3.5207","0.022","0.5525","1.0643","0.5214","0.0902","88.5281","0.0367","0.0157","0.0481","0.1931","0.2705","0.2463","0.1636","0.0627","0","0","0","0","0","0","0","0","0","0"
"378","Texans DST","HST","dst","6","JAX","7.6","0","0","0","0","0","0","0","0","0","0","0","0","0","0","0","0","0","0","0","0","0","0","0","0","0","0","0","0","0","0","2.8826","0.0242","0.8348","0.9921","0.4909","0.1145","85.8078","0.0359","0.0142","0.0482","0.1934","0.271","0.2467","0.1638","0.0628","0","0","0","0","0","0","0","0","0","0"
"379","Daniel Carlson","LV","k","8","@DEN","7.6","0","0","0","0","0","0","0","0","0","0","0","0","0","0","0","0","0","0","0","0","0.3994","0.4063","0.4933","0.5236","0.4251","0.52","0.288","0.4026","1.7772","1.8608","0","0","0","0","0","0","0","0","0","0","0","0","0","0","0","0","0","0","0","0","0","0","0","0","0"
"380","Riley Patterson","MIA","k","12","BUF","7.6","0","0","0","0","0","0","0","0","0","0","0","0","0","0","0","0","0","0","0","0","0.3842","0.3921","0.4706","0.5054","0.3955","0.5018","0.2627","0.3886","2.12","2.2401","0","0","0","0","0","0","0","0","0","0","0","0","0","0","0","0","0","0","0","0","0","0","0","0","0"
"381","Lions DST","DET","dst","8","@WAS","7.4","0","0","0","0","0","0","0","0","0","0","0","0","0","0","0","0","0","0","0","0","0","0","0","0","0","0","0","0","0","0","2.9516","0.0216","0.7877","0.9406","0.4654","0.1086","106.6121","0.0374","0.0141","0.0334","0.1933","0.2707","0.2464","0.1637","0.0783","0","0","0","0","0","0","0","0","0","0"
"382","Seahawks DST","SEA","dst","8","ARZ","7.4","0","0","0","0","0","0","0","0","0","0","0","0","0","0","0","0","0","0","0","0","0","0","0","0","0","0","0","0","0","0","3.1502","0.0227","0.6733","0.9939","0.4953","0.0999","93.6119","0.035","0.0144","0.034","0.1963","0.275","0.2504","0.1663","0.0637","0","0","0","0","0","0","0","0","0","0"
"383","Rams DST","LA","dst","8","@SF","7.3","0","0","0","0","0","0","0","0","0","0","0","0","0","0","0","0","0","0","0","0","0","0","0","0","0","0","0","0","0","0","2.8837","0.024","0.8825","0.9927","0.4936","0.1194","97.0209","0.0349","0.0148","0.0349","0.1293","0.2826","0.2573","0.1815","0.0997","0","0","0","0","0","0","0","0","0","0"
"384","Broncos DST","DEN","dst","12","LV","7.2","0","0","0","0","0","0","0","0","0","0","0","0","0","0","0","0","0","0","0","0","0","0","0","0","0","0","0","0","0","0","2.7785","0.0205","0.7559","0.8919","0.4463","0.1043","93.6308","0.0358","0.0157","0.0481","0.1931","0.2705","0.2463","0.1636","0.0627","0","0","0","0","0","0","0","0","0","0"
"385","Buccaneers DST","TB","dst","9","NE","7.2","0","0","0","0","0","0","0","0","0","0","0","0","0","0","0","0","0","0","0","0","0","0","0","0","0","0","0","0","0","0","3.3066","0.0225","0.6676","1.0319","0.5108","0.0998","92.7962","0.0338","0.0148","0.0349","0.1293","0.2826","0.2573","0.1815","0.0997","0","0","0","0","0","0","0","0","0","0"
"386","Bills DST","BUF","dst","7","@MIA","7.1","0","0","0","0","0","0","0","0","0","0","0","0","0","0","0","0","0","0","0","0","0","0","0","0","0","0","0","0","0","0","2.5519","0.0204","0.8327","0.8576","0.4299","0.1103","106.4129","0.0375","0.0144","0.034","0.1963","0.275","0.2504","0.1663","0.0637","0","0","0","0","0","0","0","0","0","0"
"387","Jets DST","NYJ","dst","9","CLV","7","0","0","0","0","0","0","0","0","0","0","0","0","0","0","0","0","0","0","0","0","0","0","0","0","0","0","0","0","0","0","2.4173","0.0227","0.8414","0.9027","0.4445","0.1116","88.2394","0.0364","0.0144","0.034","0.1963","0.275","0.2504","0.1663","0.0637","0","0","0","0","0","0","0","0","0","0"
"388","Jaguars DST","JAX","dst","8","@HST","7","0","0","0","0","0","0","0","0","0","0","0","0","0","0","0","0","0","0","0","0","0","0","0","0","0","0","0","0","0","0","2.4089","0.0227","0.8153","0.9029","0.447","0.1092","97.5778","0.039","0.0142","0.0482","0.1934","0.271","0.2467","0.1638","0.0628","0","0","0","0","0","0","0","0","0","0"
"389","Steelers DST","PIT","dst","5","@LAC","6.9","0","0","0","0","0","0","0","0","0","0","0","0","0","0","0","0","0","0","0","0","0","0","0","0","0","0","0","0","0","0","3.2411","0.0241","0.6101","1.0369","0.5155","0.0951","88.8748","0.0335","0.0145","0.0344","0.1274","0.2786","0.2536","0.1932","0.0983","0","0","0","0","0","0","0","0","0","0"
"390","Bears DST","CHI","dst","5","NYG","6.8","0","0","0","0","0","0","0","0","0","0","0","0","0","0","0","0","0","0","0","0","0","0","0","0","0","0","0","0","0","0","2.8013","0.0229","0.6986","0.9602","0.4737","0.0998","89.6635","0.0334","0.0149","0.0353","0.148","0.2859","0.2603","0.1728","0.0827","0","0","0","0","0","0","0","0","0","0"
"391","Panthers DST","CAR","dst","14","NO","6.6","0","0","0","0","0","0","0","0","0","0","0","0","0","0","0","0","0","0","0","0","0","0","0","0","0","0","0","0","0","0","2.0199","0.0217","0.8391","0.8195","0.4048","0.1079","87.5842","0.0357","0.0155","0.0476","0.2012","0.2678","0.2438","0.1619","0.062","0","0","0","0","0","0","0","0","0","0"
"392","Giants DST","NYG","dst","14","@CHI","6.2","0","0","0","0","0","0","0","0","0","0","0","0","0","0","0","0","0","0","0","0","0","0","0","0","0","0","0","0","0","0","3.0024","0.0231","0.6031","0.9955","0.4894","0.0922","93.6889","0.0334","0.0136","0.0321","0.0914","0.2495","0.2369","0.2173","0.1591","0","0","0","0","0","0","0","0","0","0"
"393","Packers DST","GB","dst","5","PHI","6.2","0","0","0","0","0","0","0","0","0","0","0","0","0","0","0","0","0","0","0","0","0","0","0","0","0","0","0","0","0","0","2.7947","0.0211","0.5415","0.9234","0.4559","0.0838","99.0995","0.0364","0.0148","0.0351","0.1357","0.284","0.2585","0.1717","0.1002","0","0","0","0","0","0","0","0","0","0"
"394","Patriots DST","NE","dst","14","@TB","6.1","0","0","0","0","0","0","0","0","0","0","0","0","0","0","0","0","0","0","0","0","0","0","0","0","0","0","0","0","0","0","2.7386","0.0224","0.7052","0.9451","0.4678","0.1004","85.4381","0.0316","0.0139","0.0328","0.0934","0.2659","0.2421","0.1893","0.1626","0","0","0","0","0","0","0","0","0","0"
"395","Eagles DST","PHI","dst","9","@GB","5.8","0","0","0","0","0","0","0","0","0","0","0","0","0","0","0","0","0","0","0","0","0","0","0","0","0","0","0","0","0","0","2.0163","0.0224","0.7135","0.8599","0.4235","0.097","95.8654","0.0353","0.0145","0.0342","0.1268","0.2772","0.2523","0.1973","0.0978","0","0","0","0","0","0","0","0","0","0"
"396","Colts DST","IND","dst","11","ATL","5.7","0","0","0","0","0","0","0","0","0","0","0","0","0","0","0","0","0","0","0","0","0","0","0","0","0","0","0","0","0","0","1.7606","0.0223","0.7261","0.8169","0.4042","0.0964","97.0062","0.0349","0.0149","0.0353","0.148","0.2859","0.2603","0.1728","0.0827","0","0","0","0","0","0","0","0","0","0"
"397","Saints DST","NO","dst","11","@CAR","5.6","0","0","0","0","0","0","0","0","0","0","0","0","0","0","0","0","0","0","0","0","0","0","0","0","0","0","0","0","0","0","2.0357","0.0228","0.6113","0.8719","0.4254","0.0871","86.28","0.0339","0.0149","0.0353","0.1307","0.2856","0.26","0.1727","0.1008","0","0","0","0","0","0","0","0","0","0"
"398","Chargers DST","LAC","dst","12","PIT","5.5","0","0","0","0","0","0","0","0","0","0","0","0","0","0","0","0","0","0","0","0","0","0","0","0","0","0","0","0","0","0","1.9877","0.0207","0.574","0.8077","0.4015","0.0824","92.2787","0.0348","0.0149","0.0353","0.148","0.2859","0.2603","0.1728","0.0827","0","0","0","0","0","0","0","0","0","0"
"399","Falcons DST","ATL","dst","5","@IND","5.5","0","0","0","0","0","0","0","0","0","0","0","0","0","0","0","0","0","0","0","0","0","0","0","0","0","0","0","0","0","0","2.3146","0.0223","0.6697","0.9063","0.4474","0.0946","82.6067","0.0295","0.014","0.0331","0.0942","0.2262","0.2443","0.224","0.1641","0","0","0","0","0","0","0","0","0","0"
"400","Cardinals DST","ARZ","dst","8","@SEA","5.4","0","0","0","0","0","0","0","0","0","0","0","0","0","0","0","0","0","0","0","0","0","0","0","0","0","0","0","0","0","0","2.2237","0.021","0.7002","0.8583","0.4227","0.0962","83.1292","0.0305","0.0136","0.0321","0.0914","0.2495","0.2369","0.2173","0.1591","0","0","0","0","0","0","0","0","0","0"
"401","49ers DST","SF","dst","14","LA","5.3","0","0","0","0","0","0","0","0","0","0","0","0","0","0","0","0","0","0","0","0","0","0","0","0","0","0","0","0","0","0","2.0373","0.023","0.7035","0.8839","0.4389","0.0973","84.746","0.0306","0.014","0.0331","0.0942","0.2262","0.2443","0.224","0.1641","0","0","0","0","0","0","0","0","0","0"
"402","Vikings DST","MIN","dst","6","BLT","5","0","0","0","0","0","0","0","0","0","0","0","0","0","0","0","0","0","0","0","0","0","0","0","0","0","0","0","0","0","0","2.2819","0.0206","0.5237","0.8622","0.4225","0.0788","81.4967","0.0301","0.014","0.0331","0.0942","0.2262","0.2443","0.224","0.1641","0","0","0","0","0","0","0","0","0","0"
"403","Commanders DST","WAS","dst","12","DET","4.8","0","0","0","0","0","0","0","0","0","0","0","0","0","0","0","0","0","0","0","0","0","0","0","0","0","0","0","0","0","0","1.7785","0.0223","0.629","0.8669","0.4265","0.0887","87.6905","0.0306","0.014","0.0331","0.0942","0.2262","0.2443","0.224","0.1641","0","0","0","0","0","0","0","0","0","0"
"404","Raiders DST","LV","dst","8","@DEN","4.1","0","0","0","0","0","0","0","0","0","0","0","0","0","0","0","0","0","0","0","0","0","0","0","0","0","0","0","0","0","0","1.2519","0.0231","0.5902","0.7964","0.3885","0.0808","79.0804","0.03","0.0139","0.0328","0.0934","0.2659","0.2421","0.1893","0.1626","0","0","0","0","0","0","0","0","0","0"
"405","Dolphins DST","MIA","dst","12","BUF","4.1","0","0","0","0","0","0","0","0","0","0","0","0","0","0","0","0","0","0","0","0","0","0","0","0","0","0","0","0","0","0","1.1508","0.023","0.6356","0.7935","0.3853","0.0846","84.7667","0.0299","0.014","0.0331","0.0942","0.2262","0.2443","0.224","0.1641","0","0","0","0","0","0","0","0","0","0"